title,action,indie,adventure,role-playing-games-rpg,strategy,shooter,casual,simulation,puzzle,arcade,platformer,racing,sports,massively-multiplayer,fighting,family,board-games,educational,card
grand-theft-auto-v,1,0,1,0,0,0,0,0,0,0,0,0,0,0,0,0,0,0,0
the-witcher-3-wild-hunt,1,0,1,1,0,0,0,0,0,0,0,0,0,0,0,0,0,0,0
tomb-raider,1,0,1,0,0,0,0,0,0,0,0,0,0,0,0,0,0,0,0
the-elder-scrolls-v-skyrim,1,0,0,1,0,0,0,0,0,0,0,0,0,0,0,0,0,0,0
left-4-dead-2,1,0,0,0,0,1,0,0,0,0,0,0,0,0,0,0,0,0,0
borderlands-2,1,0,0,1,0,1,0,0,0,0,0,0,0,0,0,0,0,0,0
portal,1,0,1,0,0,0,0,0,1,0,0,0,0,0,0,0,0,0,0
bioshock-infinite,1,0,0,0,0,1,0,0,0,0,0,0,0,0,0,0,0,0,0
counter-strike-global-offensive,1,0,0,0,0,1,0,0,0,0,0,0,0,0,0,0,0,0,0
half-life-2,1,0,0,0,0,1,0,0,0,0,0,0,0,0,0,0,0,0,0
bioshock,1,0,0,0,0,1,0,0,0,0,0,0,0,0,0,0,0,0,0
limbo,1,1,1,0,0,0,0,0,1,0,1,0,0,0,0,0,0,0,0
red-dead-redemption-2,1,0,1,0,0,0,0,0,0,0,0,0,0,0,0,0,0,0,0
team-fortress-2,1,0,0,0,0,1,0,0,0,0,0,0,0,0,0,0,0,0,0
doom,1,0,0,0,0,1,0,0,0,0,0,0,0,0,0,0,0,0,0
fallout-4,1,0,0,1,0,0,0,0,0,0,0,0,0,0,0,0,0,0,0
payday-2,1,0,0,0,0,1,0,0,0,0,0,0,0,0,0,0,0,0,0
grand-theft-auto-iv,1,0,1,0,0,0,0,0,0,0,0,0,0,0,0,0,0,0,0
destiny-2,1,0,0,0,0,1,0,0,0,0,0,0,0,1,0,0,0,0,0
rocket-league,1,1,0,0,0,0,0,0,0,0,0,1,1,0,0,0,0,0,0
terraria,1,1,0,0,0,0,0,0,0,0,1,0,0,0,0,0,0,0,0
hotline-miami,1,1,0,0,0,1,0,0,0,1,0,0,0,0,0,0,0,0,0
amnesia-the-dark-descent,1,1,1,0,0,0,0,0,0,0,0,0,0,0,0,0,0,0,0
outlast,1,1,1,0,0,0,0,0,0,0,0,0,0,0,0,0,0,0,0
super-meat-boy,1,1,0,0,0,0,0,0,0,0,1,0,0,0,0,0,0,0,0
hollow-knight,1,1,0,0,0,0,0,0,0,0,1,0,0,0,0,0,0,0,0
bastion,1,1,1,1,0,0,0,0,0,0,0,0,0,0,0,0,0,0,0
path-of-exile,1,1,0,1,0,0,0,0,0,0,0,0,0,1,0,0,0,0,0
garrys-mod,1,1,1,0,0,0,1,1,0,0,0,0,0,0,0,0,0,0,0
hellblade-senuas-sacrifice,1,1,1,0,0,0,0,0,0,0,0,0,0,0,0,0,0,0,0
journey,0,1,1,0,0,0,0,0,0,0,0,0,0,0,0,1,0,0,0
stardew-valley,0,1,0,1,0,0,0,1,0,0,0,0,0,0,0,0,0,0,0
dont-starve-together,1,1,0,0,0,0,0,1,0,0,0,0,0,0,0,0,0,0,0
brothers-a-tale-of-two-sons-2,0,1,1,0,0,0,0,0,0,0,0,0,0,0,0,0,0,0,0
transistor,1,1,0,1,0,0,0,0,0,0,0,0,0,0,0,0,0,0,0
layers-of-fear,0,1,1,0,0,0,0,0,0,0,0,0,0,0,0,0,0,0,0
firewatch,0,1,1,0,0,0,0,0,0,0,0,0,0,0,0,0,0,0,0
trine-2-complete-story,1,1,0,0,0,0,0,0,1,0,1,0,0,0,0,0,0,0,0
the-stanley-parable,0,1,1,0,0,0,0,0,0,0,0,0,0,0,0,0,0,0,0
fez,1,1,1,0,0,0,0,0,1,0,1,0,0,0,0,0,0,0,0
life-is-strange-episode-1-2,0,0,1,0,0,0,0,0,0,0,0,0,0,0,0,0,0,0,0
god-of-war-2,1,0,1,0,0,0,0,0,0,0,0,0,0,0,0,0,0,0,0
the-walking-dead,1,0,1,0,0,0,0,0,0,0,0,0,0,0,0,0,0,0,0
horizon-zero-dawn,1,0,1,1,0,0,0,0,0,0,0,0,0,0,0,0,0,0,0
grand-theft-auto-san-andreas,1,0,1,0,0,0,0,0,0,0,0,0,0,0,0,0,0,0,0
uncharted-4-a-thiefs-end,1,0,1,0,0,0,0,0,0,0,0,0,0,0,0,0,0,0,0
alan-wake,1,0,1,0,0,1,0,0,0,0,0,0,0,0,0,0,0,0,0
saints-row-the-third,1,0,1,0,0,0,0,0,0,0,0,0,0,0,0,0,0,0,0
marvels-spider-man,1,0,1,0,0,0,0,0,0,0,0,0,0,0,0,0,0,0,0
la-noire,1,0,1,0,0,0,0,0,0,0,0,0,0,0,0,0,0,0,0
the-last-of-us-remastered,1,0,1,0,0,0,0,0,0,0,0,0,0,0,0,0,0,0,0
cyberpunk-2077,1,0,1,1,0,0,0,0,0,0,0,0,0,0,0,0,0,0,0
dishonored,1,0,1,1,0,1,0,0,0,0,0,0,0,0,0,0,0,0,0
grand-theft-auto-vice-city,1,0,1,0,0,0,0,0,0,0,0,0,0,0,0,0,0,0,0
fallout-new-vegas,1,0,1,1,0,1,0,0,0,0,0,0,0,0,0,0,0,0,0
detroit-become-human,1,0,1,0,0,0,0,0,0,0,0,0,0,0,0,0,0,0,0
mad-max,1,0,1,0,0,0,0,0,0,0,0,0,0,0,0,0,0,0,0
sega-mega-drive-and-genesis-classics,1,0,1,1,0,0,0,0,0,0,1,0,0,0,1,0,0,0,0
heavy-rain,1,0,1,0,0,0,0,0,0,0,0,0,0,0,0,0,0,0,0
apex-legends,1,0,1,0,0,1,0,0,0,0,0,0,0,1,0,0,0,0,0
the-witcher-2-assassins-of-kings-enhanced-edition,0,0,0,1,0,0,0,0,0,0,0,0,0,0,0,0,0,0,0
shadow-of-mordor,1,0,0,1,0,0,0,0,0,0,0,0,0,0,0,0,0,0,0
the-witcher-enhanced-edition-directors-cut,1,0,0,1,0,0,0,0,0,0,0,0,0,0,0,0,0,0,0
deus-ex-mankind-divided,1,0,0,1,0,0,0,0,0,0,0,0,0,0,0,0,0,0,0
borderlands,1,0,0,1,0,1,0,0,0,0,0,0,0,0,0,0,0,0,0
dark-souls-iii,1,0,0,1,0,0,0,0,0,0,0,0,0,0,0,0,0,0,0
mass-effect-2,1,0,0,1,0,0,0,0,0,0,0,0,0,0,0,0,0,0,0
mass-effect,1,0,0,1,0,0,0,0,0,0,0,0,0,0,0,0,0,0,0
bloodborne,1,0,0,1,0,0,0,0,0,0,0,0,0,0,0,0,0,0,0
borderlands-the-pre-sequel,1,0,0,1,0,1,0,0,0,0,0,0,0,0,0,0,0,0,0
prey,1,0,0,1,0,1,0,0,0,0,0,0,0,0,0,0,0,0,0
bioshock-2-remastered,1,0,0,1,0,0,0,0,0,0,0,0,0,0,0,0,0,0,0
fallout-a-post-nuclear-role-playing-game,0,0,0,1,0,0,0,0,0,0,0,0,0,0,0,0,0,0,0
dishonored-2,1,0,0,1,0,0,0,0,0,0,0,0,0,0,0,0,0,0,0
the-elder-scrolls-v-skyrim-special-edition,1,0,0,1,0,0,0,0,0,0,0,0,0,0,0,0,0,0,0
nierautomata,1,0,0,1,0,0,0,0,0,0,0,0,0,0,0,0,0,0,0
monster-hunter-world-2,1,0,1,1,0,0,0,0,0,0,0,0,0,0,0,0,0,0,0
deus-ex-human-revolution-directors-cut,1,0,0,1,0,0,0,0,0,0,0,0,0,0,0,0,0,0,0
dead-island,1,0,0,1,0,1,0,0,0,0,0,0,0,0,0,0,0,0,0
undertale,0,1,0,1,0,0,0,0,0,0,0,0,0,0,0,0,0,0,0
civilization-v,0,0,0,0,1,0,0,0,0,0,0,0,0,0,0,0,0,0,0
xcom-enemy-unknown,0,0,0,0,1,0,0,0,0,0,0,0,0,0,0,0,0,0,0
brutal-legend,1,0,0,0,1,0,0,0,0,0,0,0,0,0,0,0,0,0,0
company-of-heroes-2,0,0,0,0,1,0,0,1,0,0,0,0,0,0,0,0,0,0,0
cities-skylines,0,0,0,0,1,0,0,1,0,0,0,0,0,0,0,0,0,0,0
crusader-kings-ii,0,0,0,0,1,0,0,1,0,0,0,0,0,0,0,0,0,0,0
total-war-shogun-2,0,0,0,0,1,0,0,0,0,0,0,0,0,0,0,0,0,0,0
shadowrun-returns,0,1,0,1,1,0,0,0,0,0,0,0,0,0,0,0,0,0,0
xcom-2,0,0,0,1,1,0,0,0,0,0,0,0,0,0,0,0,0,0,0
ftl-faster-than-light,0,1,0,0,1,0,0,1,0,0,0,0,0,0,0,0,0,0,0
company-of-heroes,0,0,0,0,1,0,0,0,0,0,0,0,0,0,0,0,0,0,0
kingdom-classic,0,1,0,0,1,0,0,1,0,0,0,0,0,0,0,0,0,0,0
age-of-wonders-iii,0,0,0,1,1,0,0,0,0,0,0,0,0,0,0,0,0,0,0
tropico-4,0,0,0,0,1,0,0,1,0,0,0,0,0,0,0,0,0,0,0
darkest-dungeon,0,1,0,1,1,0,0,0,0,0,0,0,0,0,0,0,0,0,0
sid-meiers-civilization-iii-complete,0,0,0,0,1,0,0,1,0,0,0,0,0,0,0,0,0,0,0
sanctum-2,1,1,0,0,1,1,0,0,0,0,0,0,0,0,0,0,0,0,0
dragon-age-inquisition,1,0,0,1,1,0,0,0,0,0,0,0,0,0,0,0,0,0,0
divinity-original-sin-2,0,0,0,1,1,0,0,0,0,0,0,0,0,0,0,0,0,0,0
civilization-vi,0,0,0,0,1,0,0,1,0,0,0,0,0,0,0,0,0,0,0
portal-2,0,0,0,0,0,1,0,0,1,0,0,0,0,0,0,0,0,0,0
metal-gear-solid-v-the-phantom-pain,1,0,0,0,0,1,0,0,0,0,0,0,0,0,0,0,0,0,0
warframe,1,0,0,0,0,1,0,0,0,0,0,0,0,1,0,0,0,0,0
metro-2033,1,0,0,0,0,1,0,0,0,0,0,0,0,0,0,0,0,0,0
hitman,1,0,0,0,0,1,0,0,0,0,0,0,0,0,0,0,0,0,0
half-life-2-episode-one,1,0,0,0,0,1,0,0,0,0,0,0,0,0,0,0,0,0,0
bioshock-2,1,0,0,0,0,1,0,0,0,0,0,0,0,0,0,0,0,0,0
half-life-2-episode-two,0,0,0,0,0,1,0,0,0,0,0,0,0,0,0,0,0,0,0
spec-ops-the-line,1,0,0,0,0,1,0,0,0,0,0,0,0,0,0,0,0,0,0
bioshock-remastered,0,0,0,0,0,1,0,0,0,0,0,0,0,0,0,0,0,0,0
far-cry-3,1,0,0,0,0,1,0,0,0,0,0,0,0,0,0,0,0,0,0
wolfenstein-the-new-order,1,0,0,0,0,1,0,0,0,0,0,0,0,0,0,0,0,0,0
half-life,1,0,0,0,0,1,0,0,0,0,0,0,0,0,0,0,0,0,0
dead-space,1,0,0,0,0,1,0,0,0,0,0,0,0,0,0,0,0,0,0
hitman-absolution,1,0,0,0,0,1,0,0,0,0,0,0,0,0,0,0,0,0,0
metal-gear-solid-v-ground-zeroes,1,0,0,0,0,1,0,0,0,0,0,0,0,0,0,0,0,0,0
just-cause-3,1,0,0,0,0,1,0,0,0,0,0,0,0,0,0,0,0,0,0
counter-strike-source,0,0,0,0,0,1,0,0,0,0,0,0,0,0,0,0,0,0,0
just-cause-2,1,0,0,0,0,1,0,0,0,0,0,0,0,0,0,0,0,0,0
left-4-dead,1,0,0,0,0,1,0,0,0,0,0,0,0,0,0,0,0,0,0
fall-guys,1,1,0,0,0,0,1,0,0,0,0,0,1,1,0,0,0,0,0
brawlhalla,1,1,0,0,0,0,1,0,0,0,0,0,0,0,1,0,0,0,0
goat-simulator,1,1,0,0,0,0,1,1,0,0,0,0,0,0,0,0,0,0,0
a-story-about-my-uncle,0,1,1,0,0,0,1,0,0,1,1,0,0,0,0,0,0,0,0
overcooked,0,1,0,0,0,0,1,1,0,1,0,0,0,0,0,0,0,0,0
lego-lord-of-the-rings,1,0,0,0,0,0,1,0,0,0,1,0,0,0,0,1,0,0,0
among-us,1,0,0,0,0,0,1,1,0,0,0,0,0,0,0,0,0,0,0
battleblock-theater,1,1,1,0,0,0,1,0,0,0,1,0,0,0,0,0,0,0,0
broken-age,0,1,1,0,0,0,1,0,1,0,0,0,0,0,0,1,0,0,0
monaco-whats-yours-is-mine,1,1,0,0,1,0,1,0,0,0,0,0,0,0,0,0,0,0,0
sonic-mania,1,0,1,0,0,0,1,0,0,0,1,0,0,0,0,0,0,0,0
starbound,1,1,0,1,0,0,1,0,0,0,0,0,0,0,0,0,0,0,0
never-alone,0,1,1,0,0,0,1,0,0,0,0,0,0,0,0,0,0,0,0
drawful-2,0,1,0,0,1,0,1,0,0,0,0,0,0,0,0,0,0,0,0
vvvvvv,1,1,1,0,0,0,1,0,1,1,1,0,0,0,0,0,0,0,0
clicker-heroes,0,1,1,1,1,0,1,1,0,0,0,0,0,0,0,0,0,0,0
scribblenauts-unlimited,0,0,1,0,1,0,1,0,1,0,0,0,0,0,0,0,0,0,0
dota-underlords,0,0,0,0,1,0,1,0,0,0,0,0,0,0,0,0,1,0,0
tabletop-simulator,0,1,0,1,1,0,1,1,0,0,0,0,0,0,0,0,0,0,0
vrchat,0,0,1,0,0,0,1,1,0,0,0,0,1,1,0,0,0,0,0
viscera-cleanup-detail-shadow-warrior,1,1,0,0,0,0,0,1,0,0,0,0,0,0,0,0,0,0,0
dirt-rally,0,0,0,0,0,0,0,1,0,0,0,1,1,0,0,0,0,0,0
no-mans-sky,1,1,1,1,0,0,0,1,0,0,0,0,0,1,0,0,0,0,0
papers-please,0,1,0,0,0,0,0,1,1,0,0,0,0,0,0,0,0,0,0
war-thunder,1,0,0,0,0,1,0,1,0,0,0,0,0,1,0,0,0,0,0
this-war-of-mine,0,1,1,0,0,0,0,1,0,0,0,0,0,0,0,0,0,0,0
minecraft,1,1,0,0,0,0,0,1,0,1,0,0,0,1,0,0,0,0,0
guns-of-icarus-online,1,1,0,0,0,0,0,1,0,0,0,0,0,0,0,0,0,0,0
fallout-shelter,0,0,0,1,0,0,0,1,0,0,0,0,0,0,0,0,0,0,0
hacknet,0,1,0,0,0,0,0,1,0,0,0,0,0,0,0,0,0,0,0
orwell,0,1,1,0,0,0,0,1,1,0,0,0,0,0,0,0,0,0,0
prison-architect-all-day-and-a-psych,0,1,0,0,1,0,0,1,0,0,0,0,0,0,0,0,0,0,0
euro-truck-simulator-2,0,1,0,0,0,0,0,1,0,0,0,0,0,0,0,0,0,0,0
the-flame-in-the-flood,1,1,0,0,0,0,0,1,0,0,0,0,0,0,0,0,0,0,0
the-long-dark,1,1,1,0,0,0,0,1,0,0,0,0,0,0,0,0,0,0,0
abzu-2,0,1,1,0,0,0,0,1,0,0,0,0,0,0,0,0,0,0,0
hitman-2-silent-assassin,1,0,0,0,0,0,0,1,0,0,0,0,0,0,0,0,0,0,0
black-desert-online,1,0,1,1,1,0,0,1,0,0,0,0,0,1,0,0,0,0,0
frostpunk,0,0,0,0,1,0,0,1,0,0,0,0,0,0,0,0,0,0,0
robocraft,1,1,0,1,0,0,0,1,0,0,0,0,0,1,0,0,0,0,0
inside,1,1,1,0,0,0,0,0,1,0,1,0,0,0,0,0,0,0,0
lara-croft-and-the-temple-of-osiris,1,0,1,0,0,0,0,0,1,0,0,0,0,0,0,0,0,0,0
grim-fandango-remastered,0,0,1,0,0,0,0,0,1,0,0,0,0,0,0,0,0,0,0
the-witness,0,1,1,0,0,0,0,0,1,0,0,0,0,0,0,0,0,0,0
braid,1,1,0,0,0,0,0,0,1,1,1,0,0,0,0,0,0,0,0
the-swapper,1,1,1,0,0,0,0,0,1,0,1,0,0,0,0,0,0,0,0
valiant-hearts-the-great-war,0,0,1,1,0,0,0,0,1,0,0,0,0,0,0,0,0,0,0
the-talos-principle,0,1,1,0,0,0,0,0,1,0,0,0,0,0,0,0,0,0,0
deponia,0,1,1,1,0,0,0,0,1,0,0,0,0,0,0,0,0,0,0
human-fall-flat,1,1,0,0,0,0,0,0,1,0,0,0,0,0,0,0,0,0,0
world-of-goo,0,1,0,0,1,0,0,0,1,0,0,0,0,0,0,1,0,1,0
machinarium,0,1,1,0,0,0,0,0,1,0,0,0,0,0,0,1,0,0,0
syberia,0,0,1,0,0,0,0,0,1,0,0,0,0,0,0,0,0,0,0
rime,0,0,1,0,0,0,0,0,1,0,0,0,0,0,0,0,0,0,0
gris,0,1,1,0,0,0,0,0,1,0,1,0,0,0,0,0,0,0,0
steamworld-dig,1,1,1,0,0,0,0,0,1,0,1,0,0,0,0,0,0,0,0
spacechem,0,1,0,0,1,0,0,1,1,0,0,0,0,0,0,0,0,0,0
syberia-2,1,0,1,0,0,0,0,0,1,0,0,0,0,0,0,0,0,0,0
snake-pass,0,1,1,0,0,0,1,1,1,0,0,0,0,0,0,0,0,0,0
her-story,0,1,1,0,0,0,0,1,1,0,0,0,0,0,0,0,0,0,0
injustice-gods-among-us-ultimate-edition,1,0,0,0,0,0,0,0,0,1,0,0,0,0,1,0,0,0,0
hotline-miami-2-wrong-number,1,1,0,0,0,1,0,0,0,1,0,0,0,0,0,0,0,0,0
trine-enchanted-edition,1,1,0,0,0,0,0,0,0,1,1,0,0,0,0,0,0,0,0
the-playroom,0,0,0,0,0,0,0,0,0,1,0,0,0,0,0,0,0,0,0
dirt-showdown,1,0,0,0,0,0,0,0,0,1,0,1,0,0,0,0,0,0,0
burnout-paradise-the-ultimate-box,0,0,0,0,0,0,0,0,0,1,0,1,0,0,0,0,0,0,0
hell-yeah-wrath-of-the-dead-rabbit,1,0,0,0,0,0,0,0,0,1,1,0,0,0,0,0,0,0,0
mortal-kombat-komplete-edition,0,0,0,0,0,0,0,0,0,1,0,0,0,0,1,0,0,0,0
sonic-generations,1,0,0,0,0,0,0,0,0,1,1,0,0,0,0,1,0,0,0
race-the-sun,1,1,0,0,0,0,0,0,0,1,0,1,0,0,0,0,0,0,0
furi,1,0,0,0,0,0,0,0,0,1,0,0,0,0,0,0,0,0,0
strider,1,0,1,0,0,0,0,0,0,1,0,0,0,0,0,0,0,0,0
littlebigplanet-3,0,0,1,0,0,0,0,0,0,1,0,0,0,0,0,0,0,0,0
rayman-origins,1,0,0,0,0,0,0,0,0,1,1,0,0,0,0,1,0,0,0
super-mario-odyssey,0,0,0,0,0,0,0,0,0,1,1,0,0,0,0,0,0,0,0
red-faction-guerilla-re-mars-tered,1,0,0,0,0,1,0,0,0,1,0,0,0,0,0,0,0,0,0
unravel,1,0,1,0,0,0,0,0,1,1,1,0,0,0,0,0,0,0,0
super-hexagon,1,1,0,0,0,0,1,0,0,1,0,0,0,0,0,0,0,0,0
my-friend-pedro,1,1,0,0,0,1,0,0,0,1,0,0,0,0,0,0,0,0,0
pac-man-championship-edition-2,0,0,0,0,0,0,1,0,0,1,0,0,0,0,0,0,0,0,0
psychonauts,1,0,0,0,0,0,0,0,0,0,1,0,0,0,0,0,0,0,0
batman-aa-goty,1,0,1,0,0,0,0,0,0,0,1,0,0,0,0,0,0,0,0
rayman-legends,0,0,0,0,0,0,0,0,0,0,1,0,0,0,0,0,0,0,0
cuphead,1,1,0,0,0,0,0,0,0,0,1,0,0,0,0,0,0,0,0
guacamelee-super-turbo-championship-edition,1,1,0,0,0,0,0,0,0,0,1,0,0,0,0,0,0,0,0
ori-and-the-blind-forest,0,0,1,0,0,0,0,0,0,0,1,0,0,0,0,0,0,0,0
ori-and-the-blind-forest-definitive-edition,0,0,1,0,0,0,0,0,0,0,1,0,0,0,0,0,0,0,0
broforce,1,1,0,0,0,0,0,0,0,0,1,0,0,0,0,0,0,0,0
oddworld-abes-oddysee,1,0,0,0,0,0,0,0,0,0,1,0,0,0,0,0,0,0,0
mark-of-the-ninja,1,1,0,0,0,0,0,0,0,0,1,0,0,0,0,0,0,0,0
dead-cells,1,1,0,1,0,0,0,0,0,0,1,0,0,0,0,0,0,0,0
little-nightmares,1,0,0,0,0,0,0,0,0,0,1,0,0,0,0,0,0,0,0
jet-set-radio-2012,1,0,0,0,0,0,0,0,0,0,1,0,1,0,0,0,0,0,0
remember-me,1,0,0,0,0,0,0,0,0,0,1,0,0,0,0,0,0,0,0
dust-an-elysian-tail,1,1,0,1,0,0,0,0,0,0,1,0,0,0,0,0,0,0,0
rogue-legacy,1,1,0,1,0,0,0,0,0,0,1,0,0,0,0,0,0,0,0
spelunky,0,1,0,0,0,0,0,0,0,0,1,0,0,0,0,0,0,0,0
celeste,0,1,0,0,0,0,0,0,0,0,1,0,0,0,0,0,0,0,0
outland,1,1,1,0,0,0,0,0,0,0,1,0,0,0,0,0,0,0,0
deadlight,1,1,0,0,0,0,0,0,0,0,1,0,0,0,0,0,0,0,0
grid-2,0,0,0,0,0,0,0,0,0,0,0,1,1,0,0,0,0,0,0
grid,0,0,0,0,0,0,0,0,0,0,0,1,0,0,0,0,0,0,0
rage,1,0,0,0,0,1,0,0,0,0,0,1,0,0,0,0,0,0,0
forza-horizon-4,0,0,0,0,0,0,0,0,0,0,0,1,0,1,0,0,0,0,0
f1-2015,0,0,0,0,0,0,0,0,0,0,0,1,1,0,0,0,0,0,0
need-for-speed-hot-pursuit-2,0,0,0,0,0,0,0,0,0,0,0,1,0,0,0,0,0,0,0
speedrunners,1,1,0,0,0,0,1,0,0,0,0,1,1,0,0,0,0,0,0
need-for-speed,1,0,1,0,0,0,0,0,0,0,0,1,0,0,0,0,0,0,0
trials-fusion,0,0,0,0,0,0,0,0,0,0,0,1,0,0,0,0,0,0,0
sonic-all-stars-racing-transformed,0,0,0,0,0,0,0,0,0,0,0,1,1,0,0,1,0,0,0
need-for-speed-rivals,1,0,0,0,0,0,0,0,0,0,0,1,0,0,0,0,0,0,0
need-for-speed-payback,0,0,0,0,0,0,0,0,0,0,0,1,0,0,0,0,0,0,0
trackmania-turbo,0,0,0,0,0,0,0,0,0,0,0,1,0,1,0,0,0,0,0
dirt-3,0,0,0,0,0,0,0,0,0,1,0,1,1,0,0,0,0,0,0
raceroom-racing-experience,0,0,0,0,0,0,0,1,0,0,0,1,1,0,0,0,0,0,0
driveclub,0,0,0,0,0,0,0,1,0,0,0,1,0,0,0,0,0,0,0
f1-2018,0,0,0,0,0,0,0,1,0,0,0,1,1,0,0,0,0,0,0
burnout-paradise,0,0,0,0,0,0,0,0,0,1,0,1,0,0,0,0,0,0,0
dirt-rally-20,0,0,0,0,0,0,0,1,0,0,0,1,1,0,0,0,0,0,0
need-for-speed-most-wanted-a-criterion-game,1,0,1,0,0,0,0,0,0,0,0,1,0,0,0,0,0,0,0
steep,1,0,0,0,0,0,0,1,0,0,0,0,1,0,0,0,0,0,0
headsnatchers,1,1,0,0,0,0,1,0,0,0,0,0,1,0,0,0,0,0,0
tekken-7,1,0,0,0,0,0,0,0,0,0,0,0,1,0,1,0,0,0,0
poker-night-at-the-inventory,0,0,0,0,0,0,1,0,0,0,0,0,1,0,0,0,0,0,1
fifa-18,0,0,0,0,0,0,0,0,0,0,0,0,1,0,0,0,0,0,0
pyre,0,1,1,1,0,0,0,0,0,1,0,0,1,0,0,0,0,0,0
punch-club,0,1,0,1,1,0,0,1,0,0,0,0,1,0,1,0,0,0,0
ea-sports-fifa-17,0,0,0,0,0,0,0,0,0,0,0,0,1,0,0,0,0,0,0
fifa-15,0,0,0,0,0,0,0,0,0,0,0,0,1,0,0,0,0,0,0
defy-gravity-extended,1,1,1,1,1,0,1,1,0,0,0,1,1,0,0,0,0,0,0
olliolli2-welcome-to-olliwood,1,1,0,0,0,0,0,0,0,0,1,0,1,0,0,0,0,0,0
nba-2k16,0,0,0,0,0,0,0,0,0,0,0,0,1,0,0,0,0,0,0
golf-with-your-friends,0,1,0,0,0,0,1,0,0,0,0,0,1,0,0,0,0,0,0
out-there-somewhere,1,1,1,1,1,0,1,1,0,0,0,1,1,0,0,0,0,0,0
horizon-chase-turbo,1,1,0,0,0,0,1,0,0,0,0,1,1,0,0,0,0,0,0
fifa-19,0,0,0,0,0,0,0,1,0,0,0,0,1,0,0,0,0,0,0
fifa-14,0,0,0,0,0,0,0,0,0,0,0,0,1,0,0,0,0,0,0
lethal-league,1,1,0,0,0,0,0,0,0,0,0,0,1,0,0,0,0,0,0
ea-sports-fifa-16,0,0,0,0,0,0,0,0,0,0,0,0,1,0,0,0,0,0,0
poker-night-2,0,0,0,0,0,0,1,0,0,0,0,0,1,0,0,0,1,0,1
dota-2,1,0,0,0,0,0,0,0,0,0,0,0,0,1,0,0,0,0,0
for-honor,1,0,0,0,0,0,0,0,0,0,0,0,0,1,0,0,0,0,0
playerunknowns-battlegrounds,1,0,0,0,0,1,0,0,0,0,0,0,0,1,0,0,0,0,0
cod-black-ops-iii,1,0,0,0,0,1,0,0,0,0,0,0,0,1,0,0,0,0,0
quake-champions,0,0,0,0,0,0,0,0,0,0,0,0,0,1,0,0,0,0,0
rust,1,1,0,1,0,1,0,0,0,0,0,0,0,1,0,0,0,0,0
neverwinter,1,0,0,1,0,0,0,0,0,0,0,0,0,1,0,0,0,0,0
the-elder-scrolls-online-tamriel-unlimited,1,0,0,1,0,0,0,0,0,0,0,0,0,1,0,0,0,0,0
heroes-generals,1,1,0,0,0,1,0,0,0,0,0,0,0,1,0,0,0,0,0
planetside-2,1,0,0,0,0,1,0,0,0,0,0,0,0,1,0,0,0,0,0
ark-survival-of-the-fittest,1,1,0,1,1,0,0,0,0,0,0,0,0,1,0,0,0,0,0
sea-of-thieves,1,0,1,0,0,0,0,0,0,0,0,0,0,1,0,0,0,0,0
h1z1-king-of-the-kill,1,0,1,0,0,0,0,0,0,0,0,0,0,1,0,0,0,0,0
trove,1,0,0,1,0,0,1,0,0,0,0,0,0,1,0,0,0,0,0
tera,1,0,0,1,0,0,0,0,0,0,0,0,0,1,0,0,0,0,0
ark-survival-evolved,1,1,1,1,0,0,0,0,0,0,0,0,0,1,0,0,0,0,0
elite-dangerous,1,0,1,1,0,0,0,1,0,0,0,0,0,1,0,0,0,0,0
eve-online,1,0,0,1,1,0,0,0,0,0,0,0,0,1,0,0,0,0,0
marvel-heroes-omega,1,0,0,1,0,0,0,0,0,0,0,0,0,1,0,0,0,0,0
battlefield-v,1,0,1,0,0,1,0,0,0,0,0,0,0,1,0,0,0,0,0
mortal-kombat-x,1,0,0,0,0,0,0,0,0,0,0,0,0,0,1,0,0,0,0
viking,1,0,1,1,0,0,0,0,0,0,0,0,0,0,1,0,0,0,0
yakuza-kiwami,1,0,1,1,0,0,0,0,0,0,0,0,0,0,1,0,0,0,0
street-fighter-v,1,0,0,0,0,0,0,0,0,0,0,0,0,0,1,0,0,0,0
injustice-2,0,0,0,0,0,0,0,0,0,0,0,0,0,0,1,0,0,0,0
mortal-kombat-11,1,0,1,0,0,0,0,0,0,0,0,0,0,0,1,0,0,0,0
skullgirls,1,1,1,1,0,0,0,0,0,0,0,0,0,0,1,0,0,0,0
absolver,1,1,1,0,0,0,0,0,0,0,0,0,0,0,1,0,0,0,0
metal-slug-3,1,0,0,0,0,0,1,0,0,1,0,0,0,0,1,0,0,0,0
super-smash-bros-ultimate,0,0,0,0,0,0,0,0,0,0,0,0,0,0,1,0,0,0,0
pirates-3,1,0,1,1,1,0,0,1,0,1,0,0,0,0,1,0,0,1,0
mortal-kombat,0,0,0,0,0,0,0,0,0,0,0,0,0,0,1,0,0,0,0
dragon-ball-fighterz,1,0,0,0,0,0,0,0,0,0,0,0,0,0,1,0,0,0,0
streets-of-rage-4,1,1,0,0,0,0,0,0,0,0,0,0,0,0,1,0,0,0,0
party-hard,1,1,0,0,1,0,0,0,0,1,0,0,0,0,1,0,0,0,0
soulcalibur-vi,1,0,0,0,0,0,0,0,0,0,0,0,0,0,1,0,0,0,0
naruto-shippuden-ultimate-ninja-storm-4,0,0,0,0,0,0,0,0,0,0,0,0,0,0,1,0,0,0,0
playstation-all-stars-battle-royale,0,0,0,0,0,0,0,0,0,1,0,0,0,0,1,0,0,0,0
evoland-2,1,1,1,1,0,0,0,0,0,1,0,0,0,0,1,0,0,0,0
zeno-clash-2,1,1,0,0,0,1,0,0,0,0,0,0,0,0,1,0,0,0,0
lego-the-hobbit,1,0,1,0,0,0,0,0,0,0,0,0,0,0,0,1,0,0,0
thomas-was-alone,0,1,1,0,0,0,0,0,0,0,0,0,0,0,0,1,0,0,0
lego-marvel,1,0,1,0,0,0,0,0,0,0,0,0,0,0,0,1,0,0,0
day-of-the-tentacle-remastered,0,0,1,0,0,0,0,0,0,0,0,0,0,0,0,1,0,0,0
lego-star-wars-tcs,1,0,1,0,0,0,0,0,0,0,0,0,0,0,0,1,0,0,0
spore,0,0,0,0,0,0,0,1,0,0,0,0,0,0,0,1,0,0,0
flower,0,0,1,0,0,0,1,0,0,1,0,0,0,0,0,1,0,0,0
costume-quest,1,0,1,1,0,0,1,0,0,0,0,0,0,0,0,1,0,0,0
mini-ninjas,1,0,1,0,0,0,0,0,0,0,0,0,0,0,0,1,0,0,0
the-secret-of-monkey-island-special-edition,0,0,1,0,0,0,0,0,0,0,0,0,0,0,0,1,0,0,0
the-tiny-bang-story,0,1,1,0,0,0,1,0,1,0,0,0,0,0,0,1,0,0,0
lego-batman,1,0,1,0,0,0,0,0,0,1,1,0,0,0,0,1,0,0,0
lego-batman-2,1,0,1,0,0,0,0,0,0,0,0,0,0,0,0,1,0,0,0
octodad-dadliest-catch,1,1,1,0,0,0,0,1,0,0,0,0,0,0,0,1,0,0,0
teslagrad,1,1,1,0,0,0,0,0,1,0,1,0,0,0,0,1,0,0,0
lego-harry-potter,1,0,1,0,0,0,0,0,0,0,1,0,0,0,0,1,0,0,0
untitled-goose-game,1,1,0,0,0,0,0,0,1,0,0,0,0,0,0,1,0,0,0
cogs,0,1,0,0,0,0,1,0,1,0,0,0,0,0,0,1,0,0,0
botanicula,0,1,1,0,0,0,1,0,1,0,0,0,0,0,0,1,0,0,0
tearaway-unfolded,1,0,1,0,0,0,0,0,0,0,0,0,0,0,0,1,0,0,0
gwent-the-witcher-card-game,0,0,0,1,1,0,0,0,0,0,0,0,0,0,0,0,1,0,1
adventure-capitalist,0,1,0,0,0,0,1,1,0,0,0,0,0,0,0,0,1,0,0
armello,0,1,1,1,1,0,0,0,0,0,0,0,0,0,0,0,1,0,0
hue,0,1,1,0,0,0,0,0,1,0,0,0,0,0,0,0,1,0,0
gremlins-inc,0,1,0,0,1,0,0,0,0,0,0,0,0,0,0,0,1,0,1
ticket-to-ride,0,1,0,0,1,0,1,0,0,0,0,0,0,0,0,0,1,0,0
sid-meiers-ace-patrol-2,0,0,0,0,1,0,1,0,0,0,0,0,0,0,0,0,1,0,0
sid-meiers-ace-patrol-pacific-skies,0,0,0,0,1,0,1,0,0,0,0,0,0,0,0,0,1,0,0
talisman,0,1,0,1,1,0,0,0,0,0,0,0,0,0,0,0,1,0,0
ticket-to-ride-first-journey,0,0,0,0,1,0,1,0,0,0,0,0,0,0,0,1,1,0,0
lyne,0,1,0,0,0,0,1,0,1,0,0,0,0,0,0,0,1,0,0
the-jackbox-party-pack,0,1,0,0,1,0,1,0,0,0,0,0,0,0,0,0,1,0,1
the-witcher-adventure-game,0,0,1,1,1,0,0,0,0,0,0,0,0,0,0,0,1,0,0
greed-corp,0,0,0,0,1,0,0,1,0,0,0,0,0,0,0,0,1,0,0
talisman-prologue-2,0,1,0,1,1,0,0,0,0,0,0,0,0,0,0,0,1,0,0
hero-academy,0,1,0,0,1,0,0,0,0,0,0,0,0,0,0,0,1,0,0
magic-2014,0,0,0,0,1,0,0,0,0,0,0,0,0,0,0,0,1,0,1
roblox,1,1,1,1,1,1,1,1,1,1,1,1,1,1,1,1,1,1,1
small-world-2,0,1,0,0,1,0,1,0,0,0,0,0,0,0,0,0,1,0,0
the-warlock-of-firetop-mountain,1,1,1,1,0,0,0,0,0,0,0,0,0,0,0,0,1,0,0
surgeon-simulator-cpr,1,1,0,0,0,0,0,1,0,0,0,0,0,0,0,0,0,1,0
sid-meiers-civilization-iv-colonization,0,0,0,0,1,0,0,1,0,0,0,0,0,0,0,0,0,1,0
divide-by-sheep,0,1,1,0,0,0,1,0,1,0,0,0,0,0,0,0,0,1,0
gameguru,0,0,0,0,0,0,0,0,0,0,0,0,0,0,0,0,0,1,0
app-game-kit-easy-game-development,0,0,0,0,0,0,0,0,0,0,0,0,0,0,0,0,0,1,0
typerider,0,1,1,0,0,0,0,0,1,0,1,0,0,0,0,0,0,1,0
911-operator,0,1,0,0,1,0,1,1,0,0,0,0,0,0,0,0,0,1,0
human-resource-machine,0,1,0,0,0,0,1,1,1,0,0,0,0,0,0,0,0,1,0
the-messenger,1,0,1,0,0,0,0,0,0,0,0,0,0,0,0,0,0,1,0
niche-a-genetics-survival-game,0,1,0,0,1,0,0,1,0,0,0,0,0,0,0,0,0,1,0
simpleplanes,0,1,0,0,0,0,0,1,0,0,0,0,0,0,0,0,0,1,0
draw-a-stickman-epic,0,1,1,1,0,0,1,0,0,0,0,0,0,0,0,1,0,1,0
construct-2,0,0,0,0,0,0,0,0,0,0,0,0,0,0,0,0,0,1,0
through-the-darkest-of-times,0,1,1,1,1,0,0,1,0,0,0,0,0,0,0,0,0,1,0
sigils-of-elohim,0,1,0,0,1,0,1,0,1,1,0,0,0,0,0,0,0,1,0
teddy-floppy-ear-mountain-adventure,0,1,1,0,0,0,1,0,0,0,0,0,0,0,0,0,0,1,0
teddy-floppy-ear-kayaking,0,1,1,0,0,0,1,0,0,0,0,0,0,0,0,0,0,1,0
clickteam-fusion-25,0,0,0,0,0,0,0,0,0,0,0,0,0,0,0,0,0,1,0
doodle-god,0,1,0,0,0,0,1,1,1,0,0,0,0,0,0,0,1,1,0
while-true-learn,0,1,0,0,0,0,0,1,1,0,0,0,0,0,0,0,0,1,0
slay-the-spire,0,1,0,1,1,0,0,0,0,0,0,0,0,0,0,0,0,0,1
faeria,0,1,0,0,1,0,0,0,0,0,0,0,0,1,0,0,0,0,1
magic-duels,0,0,0,0,1,0,0,0,0,0,0,0,0,0,0,0,0,0,1
the-elder-scrolls-legends,0,0,0,0,1,0,0,0,0,0,0,0,0,0,0,0,0,0,1
reigns,0,1,1,1,0,0,0,1,0,0,0,0,0,0,0,0,0,0,1
cultist-simulator,0,1,0,1,0,0,0,1,0,0,0,0,0,0,0,0,0,0,1
yu-gi-oh-duel-links,0,0,0,1,1,0,0,0,0,0,0,0,0,0,0,0,0,0,1
shadowverse-ccg,0,0,0,0,1,0,0,0,0,0,0,0,0,1,0,0,0,0,1
hearthstone,0,0,0,0,1,0,0,0,0,0,0,0,0,0,0,0,0,0,1
eternal-card-game,0,0,0,0,1,0,1,0,0,0,0,0,0,1,0,0,0,0,1
reigns-her-majesty,0,1,1,1,0,0,1,1,0,0,0,0,0,0,0,0,0,0,1
guild-of-dungeoneering,0,1,0,1,0,0,0,0,0,0,0,0,0,0,0,0,0,0,1
solforge,0,0,0,1,1,0,1,0,0,0,0,0,0,0,0,0,0,0,1
microsoft-solitaire-collection,0,0,0,0,0,0,0,0,0,0,0,0,0,0,0,0,0,0,1
sentinels-of-the-multiverse,0,1,0,0,1,0,0,0,0,0,0,0,0,0,0,0,1,0,1
magic-the-gathering-duels-of-the-planeswalkers,0,0,0,0,0,0,0,0,0,0,0,0,0,0,0,0,0,0,1
card-city-nights,0,1,1,0,0,0,1,0,1,0,0,0,0,0,0,0,0,0,1
magic-2015,0,0,0,0,1,0,0,0,0,0,0,0,0,0,0,0,0,0,1
star-crusade-ccg,0,0,0,0,1,0,1,0,0,0,0,0,0,1,0,0,0,0,1
cthulhu-realms,0,0,0,0,1,0,0,0,0,0,0,0,0,0,0,0,1,0,1
