userId,gameId,rating
1,terraria,5
1,hollow-knight,4
1,dont-starve-together,4
1,the-last-of-us-remastered,5
1,detroit-become-human,5
1,apex-legends,3
1,undertale,5
1,fall-guys,3
1,super-mario-odyssey,5
1,rayman-legends,4
1,cuphead,4
1,cod-black-ops-iii,4
2,the-witcher-3-wild-hunt,5
2,left-4-dead-2,5
2,portal,4
2,bioshock-infinite,4
2,half-life-2,5
2,limbo,3
2,hotline-miami,5
2,amnesia-the-dark-descent,4
2,bastion,4
2,path-of-exile,4
2,hellblade-senuas-sacrifice,5
2,brothers-a-tale-of-two-sons-2,5
2,life-is-strange-episode-1-2,4
2,sega-mega-drive-and-genesis-classics,3
2,the-witcher-2-assassins-of-kings-enhanced-edition,4
2,undertale,4
2,divinity-original-sin-2,4
2,portal-2,5
2,metal-gear-solid-v-the-phantom-pain,4
2,half-life-2-episode-one,4
2,bioshock-2,3
2,half-life-2-episode-two,5
2,wolfenstein-the-new-order,4
2,half-life,4
2,metal-gear-solid-v-ground-zeroes,4
2,fall-guys,4
2,battleblock-theater,5
2,hacknet,4
2,the-witness,4
2,the-talos-principle,4
2,deponia,5
2,human-fall-flat,4
2,snake-pass,4
2,her-story,4
2,furi,5
2,super-mario-odyssey,5
2,headsnatchers,3
2,absolver,4
2,armello,4
2,construct-2,5
3,the-elder-scrolls-v-skyrim,5
3,left-4-dead-2,5
3,borderlands-2,5
3,portal,5
3,bioshock-infinite,5
3,bioshock,5
3,limbo,4
3,red-dead-redemption-2,5
3,team-fortress-2,5
3,doom,4
3,fallout-4,5
3,destiny-2,3
3,hotline-miami,3
3,super-meat-boy,1
3,bastion,5
3,hellblade-senuas-sacrifice,4
3,journey,5
3,transistor,5
3,trine-2-complete-story,5
3,the-stanley-parable,3
3,fez,4
3,god-of-war-2,5
3,horizon-zero-dawn,5
3,uncharted-4-a-thiefs-end,5
3,marvels-spider-man,5
3,the-last-of-us-remastered,5
3,fallout-new-vegas,5
3,detroit-become-human,5
3,the-witcher-2-assassins-of-kings-enhanced-edition,5
3,the-witcher-enhanced-edition-directors-cut,5
3,deus-ex-mankind-divided,5
3,borderlands,5
3,borderlands-the-pre-sequel,5
3,prey,5
3,bioshock-2-remastered,5
3,dishonored-2,5
3,the-elder-scrolls-v-skyrim-special-edition,5
3,nierautomata,4
3,deus-ex-human-revolution-directors-cut,5
3,dead-island,5
3,dragon-age-inquisition,5
3,divinity-original-sin-2,5
3,portal-2,5
3,hitman,4
3,bioshock-2,5
3,bioshock-remastered,5
3,wolfenstein-the-new-order,4
3,dead-space,4
3,metal-gear-solid-v-ground-zeroes,5
3,goat-simulator,1
3,lego-lord-of-the-rings,4
3,broken-age,5
3,vvvvvv,3
3,hitman-2-silent-assassin,5
3,lara-croft-and-the-temple-of-osiris,5
3,braid,5
3,trine-enchanted-edition,5
3,the-playroom,3
3,burnout-paradise-the-ultimate-box,5
3,unravel,5
3,batman-aa-goty,5
3,ori-and-the-blind-forest,5
3,little-nightmares,4
3,remember-me,5
3,rage,5
3,dota-2,1
3,quake-champions,4
3,rust,5
3,mortal-kombat-x,4
3,injustice-2,3
3,lego-harry-potter,5
3,tearaway-unfolded,5
3,gwent-the-witcher-card-game,3
3,armello,4
3,gremlins-inc,5
3,typerider,4
4,grand-theft-auto-v,3
4,tomb-raider,4
4,portal,5
4,bioshock-infinite,4
4,limbo,4
4,destiny-2,4
4,hotline-miami,4
4,bastion,5
4,journey,5
4,brothers-a-tale-of-two-sons-2,4
4,transistor,4
4,firewatch,5
4,the-stanley-parable,4
4,the-walking-dead,5
4,horizon-zero-dawn,3
4,uncharted-4-a-thiefs-end,5
4,la-noire,4
4,the-last-of-us-remastered,5
4,dishonored,5
4,heavy-rain,3
4,mass-effect-2,5
4,mass-effect,5
4,prey,4
4,total-war-shogun-2,4
4,ftl-faster-than-light,4
4,civilization-vi,4
4,portal-2,5
4,far-cry-3,4
4,wolfenstein-the-new-order,3
4,broken-age,4
4,vvvvvv,4
4,no-mans-sky,4
4,papers-please,4
4,war-thunder,4
4,grim-fandango-remastered,4
4,the-witness,5
4,braid,5
4,world-of-goo,5
4,machinarium,3
4,gris,3
4,her-story,5
4,littlebigplanet-3,4
4,super-mario-odyssey,5
4,ori-and-the-blind-forest,4
4,dead-cells,4
4,forza-horizon-4,5
4,driveclub,3
4,f1-2018,4
4,fifa-18,4
4,pyre,4
4,ea-sports-fifa-17,5
4,fifa-19,4
4,fifa-14,3
4,ea-sports-fifa-16,3
4,day-of-the-tentacle-remastered,4
4,costume-quest,4
4,the-secret-of-monkey-island-special-edition,4
4,the-tiny-bang-story,4
4,cogs,3
4,tearaway-unfolded,4
4,ticket-to-ride,4
4,slay-the-spire,5
4,reigns,4
5,grand-theft-auto-v,5
5,the-witcher-3-wild-hunt,5
5,left-4-dead-2,4
5,portal,5
5,counter-strike-global-offensive,5
5,half-life-2,5
5,limbo,5
5,red-dead-redemption-2,5
5,team-fortress-2,3
5,doom,5
5,fallout-4,5
5,payday-2,4
5,rocket-league,5
5,outlast,4
5,garrys-mod,4
5,hellblade-senuas-sacrifice,5
5,dont-starve-together,4
5,layers-of-fear,3
5,god-of-war-2,5
5,grand-theft-auto-san-andreas,5
5,uncharted-4-a-thiefs-end,5
5,alan-wake,4
5,marvels-spider-man,4
5,cyberpunk-2077,5
5,grand-theft-auto-vice-city,4
5,mad-max,4
5,deus-ex-mankind-divided,4
5,mass-effect-2,5
5,bioshock-2-remastered,4
5,portal-2,5
5,metal-gear-solid-v-the-phantom-pain,5
5,metro-2033,3
5,hitman,4
5,spec-ops-the-line,4
5,half-life,1
5,hitman-absolution,5
5,metal-gear-solid-v-ground-zeroes,4
5,just-cause-3,4
5,brawlhalla,5
5,among-us,5
5,minecraft,5
5,fallout-shelter,4
5,black-desert-online,4
5,human-fall-flat,4
5,batman-aa-goty,5
5,cuphead,5
5,little-nightmares,4
5,for-honor,4
5,playerunknowns-battlegrounds,4
5,cod-black-ops-iii,3
5,rust,5
5,mortal-kombat-x,4
5,injustice-2,4
5,gwent-the-witcher-card-game,4
6,the-elder-scrolls-v-skyrim,3
6,left-4-dead-2,4
6,borderlands-2,4
6,bioshock-infinite,5
6,counter-strike-global-offensive,4
6,bioshock,5
6,limbo,4
6,team-fortress-2,4
6,fallout-4,3
6,grand-theft-auto-iv,3
6,destiny-2,3
6,rocket-league,4
6,terraria,4
6,hollow-knight,5
6,stardew-valley,3
6,dont-starve-together,5
6,the-stanley-parable,5
6,fez,3
6,grand-theft-auto-san-andreas,4
6,alan-wake,5
6,grand-theft-auto-vice-city,4
6,mad-max,3
6,apex-legends,4
6,borderlands,4
6,fallout-a-post-nuclear-role-playing-game,4
6,xcom-enemy-unknown,4
6,darkest-dungeon,3
6,divinity-original-sin-2,3
6,portal-2,4
6,bioshock-remastered,5
6,just-cause-3,3
6,left-4-dead,4
6,brawlhalla,3
6,among-us,4
6,sonic-mania,3
6,starbound,3
6,scribblenauts-unlimited,3
6,tabletop-simulator,4
6,war-thunder,3
6,minecraft,5
6,fallout-shelter,4
6,the-flame-in-the-flood,4
6,abzu-2,5
6,syberia,4
6,gris,4
6,steamworld-dig,4
6,syberia-2,4
6,hell-yeah-wrath-of-the-dead-rabbit,3
6,super-mario-odyssey,5
6,dead-cells,4
6,forza-horizon-4,4
6,need-for-speed,3
6,sonic-all-stars-racing-transformed,4
6,need-for-speed-most-wanted-a-criterion-game,3
6,for-honor,4
6,quake-champions,4
6,sea-of-thieves,4
6,skullgirls,3
6,super-smash-bros-ultimate,5
6,naruto-shippuden-ultimate-ninja-storm-4,4
6,untitled-goose-game,4
6,hearthstone,4
6,star-crusade-ccg,3
8,bioshock-infinite,5
8,bioshock,4
8,red-dead-redemption-2,3
8,bastion,4
8,alan-wake,3
8,nierautomata,4
8,deus-ex-human-revolution-directors-cut,4
8,xcom-enemy-unknown,1
8,bioshock-2,4
8,mortal-kombat-komplete-edition,3
8,sonic-generations,3
8,yakuza-kiwami,4
8,street-fighter-v,3
8,streets-of-rage-4,3
9,grand-theft-auto-v,4
9,left-4-dead-2,3
9,borderlands-2,5
9,portal,5
9,counter-strike-global-offensive,4
9,limbo,4
9,team-fortress-2,4
9,payday-2,1
9,grand-theft-auto-iv,3
9,rocket-league,4
9,terraria,3
9,hotline-miami,5
9,super-meat-boy,5
9,garrys-mod,3
9,journey,4
9,stardew-valley,3
9,transistor,4
9,trine-2-complete-story,3
9,the-stanley-parable,3
9,fez,4
9,life-is-strange-episode-1-2,3
9,god-of-war-2,5
9,horizon-zero-dawn,4
9,shadow-of-mordor,3
9,borderlands,4
9,borderlands-the-pre-sequel,4
9,undertale,4
9,portal-2,5
9,warframe,3
9,metro-2033,3
9,half-life,1
9,dead-space,4
9,metal-gear-solid-v-ground-zeroes,4
9,just-cause-2,3
9,brawlhalla,1
9,goat-simulator,1
9,sonic-mania,4
9,starbound,3
9,drawful-2,3
9,vvvvvv,4
9,scribblenauts-unlimited,4
9,minecraft,5
9,fallout-shelter,3
9,inside,4
9,braid,4
9,human-fall-flat,3
9,world-of-goo,4
9,machinarium,3
9,her-story,3
9,hotline-miami-2-wrong-number,3
9,sonic-generations,3
9,race-the-sun,3
9,super-mario-odyssey,5
9,unravel,4
9,super-hexagon,4
9,batman-aa-goty,3
9,broforce,4
9,jet-set-radio-2012,3
9,rogue-legacy,4
9,celeste,5
9,sonic-all-stars-racing-transformed,3
9,dirt-3,3
9,need-for-speed-most-wanted-a-criterion-game,4
9,dota-2,3
9,rust,1
9,octodad-dadliest-catch,4
9,untitled-goose-game,4
9,surgeon-simulator-cpr,3
10,the-witcher-3-wild-hunt,1
10,the-elder-scrolls-v-skyrim,4
10,borderlands-2,3
10,dont-starve-together,4
10,transistor,5
10,life-is-strange-episode-1-2,5
10,god-of-war-2,4
10,horizon-zero-dawn,3
10,dishonored,3
10,detroit-become-human,5
10,heavy-rain,4
10,deus-ex-mankind-divided,3
10,borderlands,3
10,dark-souls-iii,1
10,mass-effect,5
10,prey,3
10,dishonored-2,3
10,deus-ex-human-revolution-directors-cut,3
10,dragon-age-inquisition,5
10,injustice-gods-among-us-ultimate-edition,4
10,ori-and-the-blind-forest,4
10,ori-and-the-blind-forest-definitive-edition,4
10,remember-me,4
10,dota-2,3
10,mortal-kombat-x,4
11,grand-theft-auto-v,5
11,bioshock-infinite,5
11,journey,5
11,the-stanley-parable,5
11,the-walking-dead,5
11,grand-theft-auto-san-andreas,4
11,cyberpunk-2077,3
11,mad-max,3
11,the-witcher-2-assassins-of-kings-enhanced-edition,5
11,mass-effect-2,5
11,dragon-age-inquisition,4
11,valiant-hearts-the-great-war,5
11,mini-ninjas,4
11,the-tiny-bang-story,4
11,gwent-the-witcher-card-game,3
12,grand-theft-auto-v,5
12,the-witcher-3-wild-hunt,5
12,tomb-raider,5
12,the-elder-scrolls-v-skyrim,5
12,left-4-dead-2,5
12,borderlands-2,5
12,portal,5
12,bioshock-infinite,5
12,half-life-2,5
12,bioshock,5
12,limbo,5
12,red-dead-redemption-2,5
12,doom,5
12,fallout-4,5
12,payday-2,3
12,grand-theft-auto-iv,5
12,destiny-2,4
12,hotline-miami,5
12,amnesia-the-dark-descent,4
12,outlast,4
12,hollow-knight,5
12,bastion,4
12,hellblade-senuas-sacrifice,4
12,journey,5
12,brothers-a-tale-of-two-sons-2,5
12,transistor,4
12,layers-of-fear,4
12,firewatch,4
12,the-stanley-parable,5
12,fez,5
12,life-is-strange-episode-1-2,5
12,god-of-war-2,5
12,the-walking-dead,5
12,horizon-zero-dawn,5
12,grand-theft-auto-san-andreas,5
12,uncharted-4-a-thiefs-end,5
12,alan-wake,4
12,saints-row-the-third,4
12,marvels-spider-man,5
12,la-noire,5
12,cyberpunk-2077,5
12,dishonored,5
12,grand-theft-auto-vice-city,5
12,fallout-new-vegas,5
12,detroit-become-human,4
12,mad-max,5
12,heavy-rain,5
12,the-witcher-2-assassins-of-kings-enhanced-edition,5
12,shadow-of-mordor,4
12,the-witcher-enhanced-edition-directors-cut,4
12,deus-ex-mankind-divided,5
12,borderlands,5
12,dark-souls-iii,5
12,mass-effect-2,5
12,mass-effect,5
12,bloodborne,5
12,borderlands-the-pre-sequel,4
12,prey,5
12,fallout-a-post-nuclear-role-playing-game,5
12,dishonored-2,5
12,nierautomata,3
12,monster-hunter-world-2,1
12,dead-island,4
12,undertale,4
12,brutal-legend,5
12,sanctum-2,3
12,dragon-age-inquisition,5
12,portal-2,5
12,metal-gear-solid-v-the-phantom-pain,4
12,metro-2033,5
12,hitman,3
12,half-life-2-episode-one,5
12,bioshock-2,5
12,half-life-2-episode-two,5
12,spec-ops-the-line,4
12,far-cry-3,5
12,wolfenstein-the-new-order,4
12,half-life,5
12,dead-space,5
12,hitman-absolution,3
12,metal-gear-solid-v-ground-zeroes,5
12,just-cause-3,4
12,counter-strike-source,4
12,just-cause-2,5
12,left-4-dead,5
12,a-story-about-my-uncle,4
12,broken-age,5
12,never-alone,4
12,no-mans-sky,4
12,papers-please,5
12,fallout-shelter,4
12,the-flame-in-the-flood,4
12,the-long-dark,3
12,abzu-2,5
12,hitman-2-silent-assassin,4
12,inside,4
12,lara-croft-and-the-temple-of-osiris,4
12,grim-fandango-remastered,3
12,the-witness,5
12,braid,5
12,the-swapper,5
12,valiant-hearts-the-great-war,5
12,the-talos-principle,4
12,deponia,5
12,world-of-goo,5
12,machinarium,5
12,syberia,4
12,rime,3
12,gris,5
12,steamworld-dig,5
12,snake-pass,4
12,hotline-miami-2-wrong-number,5
12,burnout-paradise-the-ultimate-box,5
12,mortal-kombat-komplete-edition,5
12,furi,3
12,unravel,4
12,my-friend-pedro,4
12,psychonauts,4
12,cuphead,4
12,ori-and-the-blind-forest,4
12,mark-of-the-ninja,4
12,dead-cells,4
12,little-nightmares,4
12,jet-set-radio-2012,4
12,remember-me,5
12,dust-an-elysian-tail,5
12,spelunky,3
12,celeste,5
12,outland,5
12,deadlight,5
12,rage,5
12,need-for-speed-hot-pursuit-2,5
12,need-for-speed-rivals,4
12,need-for-speed-payback,4
12,need-for-speed-most-wanted-a-criterion-game,4
12,pyre,5
12,out-there-somewhere,4
12,for-honor,3
12,cod-black-ops-iii,4
12,battlefield-v,4
12,mortal-kombat-x,3
12,viking,4
12,absolver,3
12,mortal-kombat,3
12,streets-of-rage-4,5
12,zeno-clash-2,3
12,thomas-was-alone,4
12,flower,4
12,costume-quest,5
12,lego-batman,4
12,teslagrad,3
13,team-fortress-2,4
13,grand-theft-auto-iv,5
13,grand-theft-auto-san-andreas,5
13,grand-theft-auto-vice-city,4
13,fallout-a-post-nuclear-role-playing-game,5
13,while-true-learn,5
14,grand-theft-auto-v,5
14,the-witcher-3-wild-hunt,5
14,tomb-raider,4
14,the-elder-scrolls-v-skyrim,5
14,left-4-dead-2,5
14,borderlands-2,4
14,portal,5
14,counter-strike-global-offensive,4
14,half-life-2,5
14,bioshock,5
14,red-dead-redemption-2,5
14,team-fortress-2,4
14,fallout-4,4
14,payday-2,3
14,grand-theft-auto-iv,4
14,rocket-league,3
14,path-of-exile,4
14,garrys-mod,3
14,hellblade-senuas-sacrifice,5
14,dont-starve-together,4
14,firewatch,4
14,the-stanley-parable,5
14,life-is-strange-episode-1-2,4
14,the-walking-dead,4
14,saints-row-the-third,4
14,la-noire,4
14,dishonored,5
14,mad-max,4
14,heavy-rain,4
14,apex-legends,4
14,the-witcher-2-assassins-of-kings-enhanced-edition,5
14,shadow-of-mordor,4
14,the-witcher-enhanced-edition-directors-cut,4
14,deus-ex-mankind-divided,4
14,mass-effect-2,5
14,mass-effect,5
14,prey,5
14,bioshock-2-remastered,5
14,dishonored-2,5
14,monster-hunter-world-2,4
14,dead-island,4
14,civilization-v,5
14,xcom-enemy-unknown,4
14,company-of-heroes-2,5
14,crusader-kings-ii,4
14,total-war-shogun-2,5
14,kingdom-classic,4
14,portal-2,5
14,warframe,5
14,half-life-2-episode-one,4
14,bioshock-2,5
14,half-life-2-episode-two,4
14,spec-ops-the-line,4
14,bioshock-remastered,5
14,far-cry-3,4
14,half-life,4
14,hitman-absolution,4
14,just-cause-3,4
14,just-cause-2,4
14,starbound,4
14,tabletop-simulator,4
14,dirt-rally,4
14,war-thunder,3
14,guns-of-icarus-online,3
14,hacknet,3
14,orwell,4
14,prison-architect-all-day-and-a-psych,4
14,the-long-dark,4
14,frostpunk,5
14,human-fall-flat,4
14,her-story,3
14,red-faction-guerilla-re-mars-tered,4
14,batman-aa-goty,4
14,grid-2,4
14,rage,4
14,speedrunners,4
14,dota-2,3
14,for-honor,3
14,playerunknowns-battlegrounds,3
14,planetside-2,3
14,h1z1-king-of-the-kill,1
14,elite-dangerous,4
14,untitled-goose-game,4
15,the-witcher-3-wild-hunt,4
15,the-elder-scrolls-v-skyrim,3
15,portal,4
15,half-life-2,4
15,bioshock,4
15,red-dead-redemption-2,4
15,doom,4
15,hotline-miami,4
15,hollow-knight,4
15,hellblade-senuas-sacrifice,4
15,layers-of-fear,3
15,god-of-war-2,4
15,horizon-zero-dawn,1
15,uncharted-4-a-thiefs-end,4
15,marvels-spider-man,3
15,the-last-of-us-remastered,4
15,detroit-become-human,4
15,heavy-rain,3
15,dark-souls-iii,4
15,bloodborne,5
15,nierautomata,5
15,monster-hunter-world-2,4
15,dragon-age-inquisition,1
15,portal-2,4
15,bioshock-2,1
15,bioshock-remastered,4
15,metal-gear-solid-v-ground-zeroes,4
15,rime,4
15,gris,3
15,super-mario-odyssey,4
15,cuphead,4
15,dead-cells,3
15,tekken-7,4
15,yakuza-kiwami,3
15,super-smash-bros-ultimate,4
15,naruto-shippuden-ultimate-ninja-storm-4,3
17,grand-theft-auto-v,5
17,the-witcher-3-wild-hunt,5
17,tomb-raider,4
17,red-dead-redemption-2,5
17,brothers-a-tale-of-two-sons-2,5
17,layers-of-fear,4
17,firewatch,4
17,the-stanley-parable,5
17,life-is-strange-episode-1-2,5
17,god-of-war-2,5
17,the-walking-dead,5
17,uncharted-4-a-thiefs-end,5
17,saints-row-the-third,4
17,marvels-spider-man,5
17,la-noire,4
17,the-last-of-us-remastered,4
17,detroit-become-human,5
17,mad-max,4
17,heavy-rain,4
17,never-alone,4
17,abzu-2,5
17,grim-fandango-remastered,4
17,dirt-showdown,4
17,hell-yeah-wrath-of-the-dead-rabbit,3
17,grid-2,4
17,forza-horizon-4,5
17,need-for-speed,3
17,need-for-speed-payback,3
17,need-for-speed-most-wanted-a-criterion-game,1
17,the-tiny-bang-story,4
18,grand-theft-auto-v,4
18,the-witcher-3-wild-hunt,5
18,tomb-raider,4
18,the-elder-scrolls-v-skyrim,5
18,borderlands-2,4
18,portal,5
18,bioshock-infinite,5
18,counter-strike-global-offensive,4
18,half-life-2,5
18,bioshock,5
18,limbo,4
18,red-dead-redemption-2,5
18,doom,5
18,grand-theft-auto-iv,5
18,bastion,5
18,path-of-exile,4
18,hellblade-senuas-sacrifice,5
18,journey,5
18,god-of-war-2,5
18,horizon-zero-dawn,5
18,grand-theft-auto-san-andreas,5
18,uncharted-4-a-thiefs-end,5
18,marvels-spider-man,5
18,grand-theft-auto-vice-city,5
18,detroit-become-human,4
18,shadow-of-mordor,4
18,borderlands,4
18,dark-souls-iii,5
18,mass-effect-2,5
18,bloodborne,5
18,ftl-faster-than-light,5
18,portal-2,5
18,warframe,4
18,half-life-2-episode-one,5
18,half-life-2-episode-two,5
18,far-cry-3,4
18,half-life,4
18,goat-simulator,1
18,inside,4
18,rime,5
18,snake-pass,4
18,burnout-paradise-the-ultimate-box,5
18,unravel,4
18,my-friend-pedro,4
18,ori-and-the-blind-forest,5
18,ori-and-the-blind-forest-definitive-edition,5
18,oddworld-abes-oddysee,5
18,outland,4
18,forza-horizon-4,4
18,need-for-speed,3
18,burnout-paradise,4
18,dota-2,1
18,battlefield-v,4
18,mortal-kombat-11,4
18,pirates-3,4
18,untitled-goose-game,4
18,botanicula,4
19,the-witcher-3-wild-hunt,5
19,tomb-raider,4
19,bioshock-infinite,5
19,half-life-2,5
19,bioshock,5
19,hellblade-senuas-sacrifice,5
19,life-is-strange-episode-1-2,5
19,god-of-war-2,4
19,grand-theft-auto-san-andreas,5
19,dishonored,5
19,heavy-rain,4
19,the-witcher-2-assassins-of-kings-enhanced-edition,5
19,the-witcher-enhanced-edition-directors-cut,5
19,darkest-dungeon,5
19,portal-2,4
19,metro-2033,4
19,inside,4
19,cuphead,4
19,mortal-kombat-11,4
19,streets-of-rage-4,4
19,soulcalibur-vi,4
20,grand-theft-auto-v,5
20,tomb-raider,4
20,the-elder-scrolls-v-skyrim,5
20,left-4-dead-2,5
20,counter-strike-global-offensive,5
20,half-life-2,5
20,limbo,5
20,team-fortress-2,4
20,doom,5
20,payday-2,4
20,grand-theft-auto-iv,5
20,destiny-2,5
20,rocket-league,5
20,terraria,5
20,hotline-miami,4
20,super-meat-boy,5
20,bastion,5
20,garrys-mod,4
20,journey,5
20,brothers-a-tale-of-two-sons-2,5
20,transistor,5
20,fez,5
20,god-of-war-2,5
20,horizon-zero-dawn,5
20,grand-theft-auto-san-andreas,5
20,uncharted-4-a-thiefs-end,5
20,saints-row-the-third,5
20,marvels-spider-man,5
20,the-last-of-us-remastered,5
20,dishonored,4
20,grand-theft-auto-vice-city,5
20,detroit-become-human,4
20,mad-max,3
20,apex-legends,5
20,the-witcher-2-assassins-of-kings-enhanced-edition,5
20,borderlands,4
20,mass-effect-2,5
20,mass-effect,5
20,bloodborne,5
20,nierautomata,5
20,xcom-enemy-unknown,5
20,total-war-shogun-2,5
20,ftl-faster-than-light,5
20,sanctum-2,3
20,portal-2,5
20,metal-gear-solid-v-the-phantom-pain,4
20,half-life-2-episode-one,5
20,far-cry-3,4
20,wolfenstein-the-new-order,5
20,half-life,5
20,hitman-absolution,5
20,metal-gear-solid-v-ground-zeroes,5
20,just-cause-3,3
20,counter-strike-source,5
20,fall-guys,4
20,goat-simulator,5
20,monaco-whats-yours-is-mine,4
20,war-thunder,5
20,fallout-shelter,4
20,robocraft,4
20,lara-croft-and-the-temple-of-osiris,3
20,grim-fandango-remastered,5
20,the-witness,3
20,valiant-hearts-the-great-war,5
20,world-of-goo,4
20,injustice-gods-among-us-ultimate-edition,4
20,burnout-paradise-the-ultimate-box,5
20,mortal-kombat-komplete-edition,5
20,race-the-sun,1
20,furi,5
20,littlebigplanet-3,5
20,super-hexagon,1
20,batman-aa-goty,5
20,rayman-legends,5
20,ori-and-the-blind-forest,5
20,ori-and-the-blind-forest-definitive-edition,5
20,broforce,5
20,mark-of-the-ninja,5
20,grid,5
20,need-for-speed-hot-pursuit-2,5
20,need-for-speed,3
20,sonic-all-stars-racing-transformed,4
20,trackmania-turbo,3
20,driveclub,5
20,steep,4
20,olliolli2-welcome-to-olliwood,4
20,horizon-chase-turbo,3
20,poker-night-2,5
20,dota-2,5
20,playerunknowns-battlegrounds,5
20,cod-black-ops-iii,3
20,quake-champions,4
20,planetside-2,3
20,mortal-kombat-x,5
20,absolver,4
20,naruto-shippuden-ultimate-ninja-storm-4,5
20,surgeon-simulator-cpr,4
21,grand-theft-auto-v,3
21,the-witcher-3-wild-hunt,5
21,tomb-raider,3
21,the-elder-scrolls-v-skyrim,4
21,left-4-dead-2,4
21,borderlands-2,4
21,portal,3
21,bioshock-infinite,5
21,half-life-2,4
21,bioshock,5
21,limbo,4
21,red-dead-redemption-2,4
21,doom,5
21,fallout-4,3
21,payday-2,3
21,grand-theft-auto-iv,3
21,destiny-2,3
21,terraria,3
21,hotline-miami,5
21,outlast,1
21,super-meat-boy,3
21,hollow-knight,5
21,bastion,5
21,garrys-mod,4
21,journey,4
21,stardew-valley,5
21,dont-starve-together,3
21,transistor,4
21,firewatch,5
21,trine-2-complete-story,3
21,the-stanley-parable,5
21,fez,5
21,life-is-strange-episode-1-2,4
21,god-of-war-2,4
21,the-walking-dead,3
21,grand-theft-auto-san-andreas,4
21,uncharted-4-a-thiefs-end,4
21,alan-wake,3
21,saints-row-the-third,4
21,marvels-spider-man,5
21,la-noire,3
21,the-last-of-us-remastered,5
21,dishonored,5
21,grand-theft-auto-vice-city,5
21,fallout-new-vegas,5
21,mad-max,3
21,sega-mega-drive-and-genesis-classics,4
21,heavy-rain,4
21,shadow-of-mordor,4
21,the-witcher-enhanced-edition-directors-cut,4
21,deus-ex-mankind-divided,3
21,borderlands,3
21,dark-souls-iii,4
21,mass-effect-2,5
21,mass-effect,4
21,borderlands-the-pre-sequel,3
21,prey,5
21,fallout-a-post-nuclear-role-playing-game,4
21,dishonored-2,4
21,nierautomata,4
21,deus-ex-human-revolution-directors-cut,4
21,dead-island,3
21,undertale,4
21,civilization-v,4
21,xcom-enemy-unknown,4
21,brutal-legend,3
21,cities-skylines,4
21,crusader-kings-ii,4
21,shadowrun-returns,4
21,xcom-2,4
21,kingdom-classic,4
21,tropico-4,4
21,darkest-dungeon,4
21,sid-meiers-civilization-iii-complete,4
21,dragon-age-inquisition,3
21,divinity-original-sin-2,4
21,civilization-vi,3
21,portal-2,4
21,metal-gear-solid-v-the-phantom-pain,3
21,metro-2033,4
21,hitman,4
21,half-life-2-episode-one,4
21,bioshock-2,3
21,half-life-2-episode-two,4
21,spec-ops-the-line,4
21,bioshock-remastered,4
21,far-cry-3,4
21,wolfenstein-the-new-order,4
21,half-life,4
21,dead-space,4
21,hitman-absolution,3
21,metal-gear-solid-v-ground-zeroes,3
21,just-cause-2,3
21,left-4-dead,4
21,goat-simulator,1
21,overcooked,4
21,battleblock-theater,4
21,broken-age,4
21,sonic-mania,4
21,starbound,3
21,scribblenauts-unlimited,4
21,vrchat,1
21,no-mans-sky,1
21,papers-please,4
21,this-war-of-mine,4
21,minecraft,4
21,fallout-shelter,3
21,hacknet,4
21,orwell,4
21,prison-architect-all-day-and-a-psych,4
21,the-flame-in-the-flood,3
21,the-long-dark,4
21,abzu-2,4
21,inside,4
21,grim-fandango-remastered,5
21,valiant-hearts-the-great-war,4
21,deponia,3
21,human-fall-flat,4
21,world-of-goo,4
21,rime,4
21,injustice-gods-among-us-ultimate-edition,3
21,hotline-miami-2-wrong-number,3
21,trine-enchanted-edition,4
21,burnout-paradise-the-ultimate-box,5
21,mortal-kombat-komplete-edition,3
21,furi,5
21,littlebigplanet-3,3
21,rayman-origins,4
21,super-mario-odyssey,5
21,red-faction-guerilla-re-mars-tered,3
21,super-hexagon,3
21,my-friend-pedro,4
21,psychonauts,4
21,batman-aa-goty,4
21,rayman-legends,5
21,cuphead,5
21,guacamelee-super-turbo-championship-edition,4
21,ori-and-the-blind-forest,5
21,ori-and-the-blind-forest-definitive-edition,5
21,broforce,4
21,mark-of-the-ninja,5
21,jet-set-radio-2012,5
21,spelunky,1
21,celeste,4
21,deadlight,4
21,rage,3
21,need-for-speed-most-wanted-a-criterion-game,1
21,poker-night-2,4
21,dota-2,1
21,for-honor,3
21,eve-online,4
21,viking,1
21,injustice-2,3
21,skullgirls,5
21,super-smash-bros-ultimate,4
21,pirates-3,4
21,mortal-kombat,4
21,lego-marvel,3
21,lego-star-wars-tcs,4
21,spore,3
21,costume-quest,4
21,octodad-dadliest-catch,3
21,gwent-the-witcher-card-game,3
21,armello,4
21,the-witcher-adventure-game,4
21,surgeon-simulator-cpr,3
21,sid-meiers-civilization-iv-colonization,4
21,reigns,4
21,cultist-simulator,4
21,hearthstone,3
21,reigns-her-majesty,3
22,grand-theft-auto-v,5
22,the-witcher-3-wild-hunt,5
22,half-life-2,4
22,red-dead-redemption-2,5
22,doom,5
22,terraria,4
22,outlast,4
22,super-meat-boy,5
22,god-of-war-2,5
22,uncharted-4-a-thiefs-end,5
22,saints-row-the-third,5
22,the-last-of-us-remastered,5
22,the-witcher-2-assassins-of-kings-enhanced-edition,4
22,shadow-of-mordor,5
22,borderlands,5
22,mass-effect-2,5
22,civilization-v,4
22,portal-2,5
22,metal-gear-solid-v-the-phantom-pain,4
22,half-life-2-episode-one,5
22,bioshock-2,5
22,half-life,5
22,gris,3
23,the-witcher-3-wild-hunt,5
23,tomb-raider,4
23,the-elder-scrolls-v-skyrim,5
23,fallout-4,4
23,terraria,3
23,hotline-miami,4
23,bastion,3
23,stardew-valley,5
23,the-last-of-us-remastered,5
23,dishonored,4
23,the-witcher-2-assassins-of-kings-enhanced-edition,4
23,the-witcher-enhanced-edition-directors-cut,3
23,mass-effect-2,4
23,mass-effect,4
23,crusader-kings-ii,5
23,ftl-faster-than-light,4
23,dragon-age-inquisition,3
23,civilization-vi,5
23,far-cry-3,4
23,sonic-mania,4
23,no-mans-sky,3
23,fallout-shelter,4
23,super-mario-odyssey,3
23,reigns,4
23,reigns-her-majesty,4
24,the-witcher-3-wild-hunt,4
24,the-elder-scrolls-v-skyrim,5
24,left-4-dead-2,4
24,borderlands-2,3
24,portal,5
24,bioshock-infinite,4
24,bioshock,4
24,limbo,4
24,fallout-4,4
24,grand-theft-auto-iv,4
24,fez,5
24,the-walking-dead,5
24,horizon-zero-dawn,4
24,dishonored,4
24,the-witcher-2-assassins-of-kings-enhanced-edition,4
24,mass-effect-2,5
24,mass-effect,4
24,fallout-a-post-nuclear-role-playing-game,4
24,deus-ex-human-revolution-directors-cut,5
24,undertale,3
24,civilization-v,4
24,xcom-enemy-unknown,5
24,brutal-legend,4
24,xcom-2,4
24,portal-2,5
24,spec-ops-the-line,4
24,dead-space,5
24,left-4-dead,4
24,no-mans-sky,3
24,the-witness,3
24,world-of-goo,5
24,psychonauts,5
24,ori-and-the-blind-forest,4
24,ea-sports-fifa-17,1
24,dota-2,3
24,day-of-the-tentacle-remastered,4
25,doom,5
25,hotline-miami,3
25,hollow-knight,5
25,path-of-exile,1
25,hellblade-senuas-sacrifice,4
25,dont-starve-together,4
25,saints-row-the-third,4
25,la-noire,3
25,cyberpunk-2077,3
25,prey,4
25,dragon-age-inquisition,3
25,divinity-original-sin-2,5
25,dead-space,5
25,the-flame-in-the-flood,1
25,frostpunk,5
25,braid,4
25,remember-me,4
25,dust-an-elysian-tail,3
25,rage,1
25,streets-of-rage-4,5
25,gremlins-inc,4
25,talisman,1
26,grand-theft-auto-v,3
26,tomb-raider,3
26,left-4-dead-2,4
26,portal,4
26,bioshock,3
26,terraria,4
26,hotline-miami,4
26,stardew-valley,4
26,the-stanley-parable,4
26,life-is-strange-episode-1-2,3
26,the-walking-dead,3
26,borderlands-the-pre-sequel,1
26,deus-ex-human-revolution-directors-cut,4
26,civilization-v,4
26,brutal-legend,3
26,portal-2,5
26,metal-gear-solid-v-the-phantom-pain,3
26,metro-2033,4
26,bioshock-2,1
26,spec-ops-the-line,4
26,grim-fandango-remastered,4
26,valiant-hearts-the-great-war,4
26,hotline-miami-2-wrong-number,4
26,trine-enchanted-edition,4
26,psychonauts,4
26,rayman-legends,5
26,mark-of-the-ninja,4
26,spelunky,1
26,burnout-paradise,4
26,metal-slug-3,4
26,flower,4
26,costume-quest,4
26,surgeon-simulator-cpr,1
26,reigns,4
27,grand-theft-auto-v,4
27,the-witcher-3-wild-hunt,5
27,tomb-raider,4
27,the-elder-scrolls-v-skyrim,5
27,borderlands-2,4
27,portal,5
27,bioshock-infinite,5
27,grand-theft-auto-iv,5
27,terraria,5
27,hotline-miami,5
27,hollow-knight,5
27,path-of-exile,4
27,hellblade-senuas-sacrifice,5
27,journey,5
27,stardew-valley,5
27,firewatch,5
27,the-stanley-parable,5
27,alan-wake,4
27,marvels-spider-man,4
27,dishonored,5
27,the-witcher-2-assassins-of-kings-enhanced-edition,5
27,shadow-of-mordor,4
27,the-witcher-enhanced-edition-directors-cut,4
27,dark-souls-iii,5
27,prey,5
27,monster-hunter-world-2,5
27,cities-skylines,5
27,civilization-vi,4
27,portal-2,5
27,metal-gear-solid-v-the-phantom-pain,5
27,metro-2033,4
27,far-cry-3,5
27,wolfenstein-the-new-order,4
27,overcooked,5
27,starbound,5
27,minecraft,5
27,fallout-shelter,3
27,the-flame-in-the-flood,3
27,inside,5
27,the-witness,5
27,valiant-hearts-the-great-war,5
27,human-fall-flat,4
27,gris,5
27,rayman-origins,5
27,super-mario-odyssey,5
27,batman-aa-goty,4
27,rayman-legends,5
27,cuphead,5
27,ori-and-the-blind-forest,5
27,ori-and-the-blind-forest-definitive-edition,5
27,dead-cells,5
27,little-nightmares,4
27,dust-an-elysian-tail,4
27,deadlight,4
27,forza-horizon-4,5
27,rust,4
27,sea-of-thieves,5
27,evoland-2,4
27,the-secret-of-monkey-island-special-edition,5
27,octodad-dadliest-catch,4
27,untitled-goose-game,4
27,gwent-the-witcher-card-game,4
27,slay-the-spire,5
27,reigns,4
28,doom,5
28,destiny-2,4
28,super-meat-boy,5
28,bastion,4
28,the-stanley-parable,5
28,deus-ex-mankind-divided,4
28,bloodborne,5
28,monster-hunter-world-2,3
28,darkest-dungeon,5
28,gris,5
28,furi,3
28,dead-cells,4
28,yakuza-kiwami,3
29,the-witcher-3-wild-hunt,3
29,the-elder-scrolls-v-skyrim,5
29,left-4-dead-2,3
29,borderlands-2,4
29,portal,5
29,half-life-2,5
29,limbo,5
29,team-fortress-2,5
29,doom,5
29,destiny-2,4
29,rocket-league,4
29,super-meat-boy,5
29,hollow-knight,4
29,bastion,5
29,garrys-mod,5
29,journey,4
29,the-stanley-parable,5
29,fez,5
29,horizon-zero-dawn,4
29,grand-theft-auto-san-andreas,4
29,cyberpunk-2077,1
29,dishonored,4
29,grand-theft-auto-vice-city,4
29,sega-mega-drive-and-genesis-classics,3
29,borderlands,4
29,mass-effect,3
29,the-elder-scrolls-v-skyrim-special-edition,5
29,nierautomata,5
29,monster-hunter-world-2,4
29,undertale,1
29,brutal-legend,4
29,cities-skylines,5
29,ftl-faster-than-light,5
29,sanctum-2,4
29,civilization-vi,5
29,portal-2,5
29,warframe,4
29,half-life-2-episode-one,5
29,half-life,5
29,fall-guys,5
29,goat-simulator,3
29,a-story-about-my-uncle,4
29,among-us,5
29,battleblock-theater,4
29,sonic-mania,4
29,vvvvvv,5
29,no-mans-sky,3
29,minecraft,4
29,abzu-2,5
29,inside,5
29,the-witness,5
29,braid,5
29,the-talos-principle,5
29,world-of-goo,4
29,steamworld-dig,4
29,spacechem,4
29,trine-enchanted-edition,3
29,burnout-paradise-the-ultimate-box,5
29,hell-yeah-wrath-of-the-dead-rabbit,3
29,sonic-generations,5
29,race-the-sun,4
29,super-mario-odyssey,5
29,unravel,3
29,super-hexagon,5
29,rayman-legends,5
29,cuphead,4
29,ori-and-the-blind-forest,5
29,ori-and-the-blind-forest-definitive-edition,5
29,mark-of-the-ninja,3
29,dead-cells,5
29,jet-set-radio-2012,3
29,dust-an-elysian-tail,4
29,rogue-legacy,4
29,spelunky,4
29,celeste,5
29,grid,3
29,forza-horizon-4,4
29,trials-fusion,5
29,sonic-all-stars-racing-transformed,4
29,trackmania-turbo,5
29,dirt-3,4
29,burnout-paradise,5
29,steep,4
29,fifa-18,4
29,ea-sports-fifa-17,4
29,golf-with-your-friends,4
29,out-there-somewhere,4
29,fifa-19,4
29,ea-sports-fifa-16,4
29,playerunknowns-battlegrounds,4
29,tera,4
29,super-smash-bros-ultimate,5
29,evoland-2,4
29,thomas-was-alone,4
29,spore,5
29,flower,4
29,untitled-goose-game,5
29,typerider,4
29,reigns,4
30,the-elder-scrolls-v-skyrim,5
30,red-dead-redemption-2,5
30,doom,5
30,super-meat-boy,5
30,hollow-knight,5
30,bastion,4
30,stardew-valley,5
30,god-of-war-2,4
30,horizon-zero-dawn,3
30,grand-theft-auto-san-andreas,4
30,uncharted-4-a-thiefs-end,4
30,marvels-spider-man,4
30,the-last-of-us-remastered,5
30,cyberpunk-2077,3
30,grand-theft-auto-vice-city,4
30,bloodborne,5
30,prey,5
30,monster-hunter-world-2,4
30,undertale,5
30,cities-skylines,4
30,divinity-original-sin-2,4
30,metal-gear-solid-v-the-phantom-pain,5
30,hitman,4
30,overcooked,4
30,sonic-mania,5
30,vvvvvv,4
30,minecraft,4
30,world-of-goo,3
30,gris,5
30,snake-pass,3
30,her-story,5
30,sonic-generations,5
30,furi,5
30,rayman-origins,5
30,super-mario-odyssey,5
30,my-friend-pedro,4
30,pac-man-championship-edition-2,5
30,rayman-legends,4
30,cuphead,5
30,guacamelee-super-turbo-championship-edition,4
30,ori-and-the-blind-forest-definitive-edition,5
30,dead-cells,3
30,rogue-legacy,4
30,celeste,5
30,super-smash-bros-ultimate,5
30,streets-of-rage-4,5
30,lego-marvel,4
30,lego-star-wars-tcs,4
30,lego-batman-2,3
30,untitled-goose-game,4
30,tearaway-unfolded,4
30,slay-the-spire,5
31,the-witcher-3-wild-hunt,5
31,left-4-dead-2,4
31,portal,4
31,bioshock-infinite,4
31,half-life-2,5
31,bioshock,3
31,limbo,4
31,red-dead-redemption-2,4
31,team-fortress-2,4
31,doom,4
31,grand-theft-auto-iv,4
31,hotline-miami,4
31,amnesia-the-dark-descent,3
31,outlast,4
31,super-meat-boy,4
31,hollow-knight,4
31,bastion,4
31,hellblade-senuas-sacrifice,4
31,journey,4
31,brothers-a-tale-of-two-sons-2,4
31,transistor,4
31,layers-of-fear,3
31,firewatch,4
31,the-stanley-parable,5
31,fez,4
31,life-is-strange-episode-1-2,4
31,god-of-war-2,4
31,the-walking-dead,4
31,grand-theft-auto-san-andreas,4
31,uncharted-4-a-thiefs-end,4
31,alan-wake,4
31,la-noire,4
31,the-last-of-us-remastered,4
31,cyberpunk-2077,4
31,dishonored,5
31,grand-theft-auto-vice-city,4
31,mad-max,4
31,heavy-rain,3
31,the-witcher-enhanced-edition-directors-cut,4
31,borderlands,3
31,mass-effect-2,4
31,mass-effect,5
31,prey,4
31,fallout-a-post-nuclear-role-playing-game,4
31,nierautomata,4
31,undertale,3
31,brutal-legend,4
31,divinity-original-sin-2,4
31,portal-2,4
31,metro-2033,4
31,half-life-2-episode-one,4
31,bioshock-2,3
31,half-life-2-episode-two,4
31,spec-ops-the-line,4
31,wolfenstein-the-new-order,4
31,half-life,5
31,dead-space,4
31,left-4-dead,4
31,a-story-about-my-uncle,3
31,battleblock-theater,4
31,broken-age,4
31,vvvvvv,4
31,viscera-cleanup-detail-shadow-warrior,3
31,papers-please,4
31,fallout-shelter,3
31,abzu-2,4
31,hitman-2-silent-assassin,4
31,inside,4
31,the-witness,5
31,braid,4
31,the-swapper,5
31,the-talos-principle,5
31,deponia,5
31,world-of-goo,4
31,machinarium,4
31,rime,3
31,steamworld-dig,3
31,her-story,5
31,injustice-gods-among-us-ultimate-edition,3
31,hotline-miami-2-wrong-number,3
31,dirt-showdown,4
31,burnout-paradise-the-ultimate-box,4
31,hell-yeah-wrath-of-the-dead-rabbit,4
31,mortal-kombat-komplete-edition,4
31,sonic-generations,4
31,strider,4
31,rayman-origins,4
31,super-mario-odyssey,4
31,unravel,4
31,super-hexagon,4
31,psychonauts,5
31,rayman-legends,4
31,cuphead,4
31,ori-and-the-blind-forest,4
31,ori-and-the-blind-forest-definitive-edition,3
31,broforce,4
31,oddworld-abes-oddysee,5
31,mark-of-the-ninja,4
31,little-nightmares,4
31,jet-set-radio-2012,4
31,remember-me,4
31,dust-an-elysian-tail,4
31,spelunky,4
31,celeste,4
31,deadlight,3
31,grid-2,4
31,grid,4
31,rage,3
31,forza-horizon-4,4
31,need-for-speed-hot-pursuit-2,4
31,dirt-3,4
31,need-for-speed-most-wanted-a-criterion-game,3
31,poker-night-at-the-inventory,4
31,pyre,4
31,quake-champions,1
31,skullgirls,4
31,metal-slug-3,3
31,super-smash-bros-ultimate,3
31,pirates-3,4
31,evoland-2,3
31,zeno-clash-2,4
31,thomas-was-alone,4
31,spore,5
31,flower,4
31,costume-quest,4
31,the-secret-of-monkey-island-special-edition,4
31,the-tiny-bang-story,3
31,octodad-dadliest-catch,4
31,botanicula,4
31,sid-meiers-ace-patrol-2,4
31,human-resource-machine,4
31,sigils-of-elohim,4
31,reigns,4
32,the-witcher-3-wild-hunt,5
32,red-dead-redemption-2,5
32,grand-theft-auto-iv,5
32,rocket-league,4
32,hotline-miami,5
32,super-meat-boy,5
32,journey,5
32,fez,5
32,life-is-strange-episode-1-2,5
32,uncharted-4-a-thiefs-end,4
32,marvels-spider-man,4
32,detroit-become-human,5
32,heavy-rain,5
32,deus-ex-mankind-divided,4
32,mass-effect-2,5
32,mass-effect,4
32,portal-2,4
32,metal-gear-solid-v-the-phantom-pain,4
32,wolfenstein-the-new-order,4
32,metal-gear-solid-v-ground-zeroes,4
32,broken-age,4
32,hotline-miami-2-wrong-number,4
32,littlebigplanet-3,3
32,rayman-origins,4
32,unravel,4
32,ori-and-the-blind-forest,5
32,forza-horizon-4,4
32,for-honor,5
33,destiny-2,4
33,hollow-knight,5
33,firewatch,5
33,apex-legends,5
33,bloodborne,5
33,fall-guys,5
33,mortal-kombat-x,4
33,street-fighter-v,3
33,mortal-kombat-11,5
33,streets-of-rage-4,4
34,grand-theft-auto-v,4
34,the-witcher-3-wild-hunt,1
34,tomb-raider,1
34,the-elder-scrolls-v-skyrim,1
34,left-4-dead-2,5
34,borderlands-2,3
34,portal,5
34,bioshock-infinite,3
34,counter-strike-global-offensive,1
34,half-life-2,5
34,bioshock,5
34,limbo,4
34,red-dead-redemption-2,5
34,team-fortress-2,5
34,doom,5
34,fallout-4,1
34,payday-2,4
34,grand-theft-auto-iv,5
34,destiny-2,4
34,rocket-league,3
34,terraria,5
34,hotline-miami,5
34,amnesia-the-dark-descent,3
34,outlast,1
34,super-meat-boy,5
34,hollow-knight,3
34,bastion,3
34,path-of-exile,5
34,garrys-mod,5
34,stardew-valley,3
34,dont-starve-together,4
34,transistor,3
34,firewatch,1
34,the-stanley-parable,4
34,fez,4
34,the-walking-dead,1
34,horizon-zero-dawn,1
34,grand-theft-auto-san-andreas,5
34,uncharted-4-a-thiefs-end,3
34,alan-wake,3
34,saints-row-the-third,3
34,la-noire,3
34,cyberpunk-2077,1
34,dishonored,4
34,grand-theft-auto-vice-city,5
34,fallout-new-vegas,4
34,detroit-become-human,1
34,mad-max,3
34,apex-legends,4
34,the-witcher-2-assassins-of-kings-enhanced-edition,1
34,shadow-of-mordor,1
34,deus-ex-mankind-divided,1
34,borderlands,3
34,dark-souls-iii,5
34,mass-effect-2,1
34,mass-effect,1
34,bloodborne,5
34,prey,5
34,fallout-a-post-nuclear-role-playing-game,5
34,dishonored-2,1
34,nierautomata,5
34,monster-hunter-world-2,4
34,dead-island,3
34,civilization-v,4
34,xcom-enemy-unknown,1
34,brutal-legend,3
34,company-of-heroes-2,3
34,company-of-heroes,5
34,sanctum-2,1
34,divinity-original-sin-2,4
34,portal-2,5
34,metal-gear-solid-v-the-phantom-pain,5
34,warframe,4
34,metro-2033,3
34,hitman,4
34,half-life-2-episode-one,5
34,bioshock-2,4
34,half-life-2-episode-two,5
34,far-cry-3,3
34,half-life,5
34,dead-space,4
34,hitman-absolution,4
34,metal-gear-solid-v-ground-zeroes,5
34,just-cause-3,1
34,counter-strike-source,3
34,just-cause-2,1
34,left-4-dead,5
34,brawlhalla,3
34,goat-simulator,3
34,monaco-whats-yours-is-mine,3
34,starbound,4
34,dota-underlords,1
34,no-mans-sky,1
34,papers-please,4
34,war-thunder,1
34,minecraft,1
34,the-flame-in-the-flood,3
34,hitman-2-silent-assassin,4
34,black-desert-online,4
34,frostpunk,4
34,robocraft,3
34,the-witness,1
34,braid,5
34,valiant-hearts-the-great-war,1
34,hotline-miami-2-wrong-number,4
34,rayman-origins,4
34,my-friend-pedro,4
34,ori-and-the-blind-forest,3
34,broforce,4
34,dead-cells,4
34,remember-me,3
34,rogue-legacy,4
34,spelunky,3
34,deadlight,3
34,grid,4
34,rage,1
34,tekken-7,4
34,poker-night-at-the-inventory,3
34,poker-night-2,1
34,dota-2,1
34,for-honor,1
34,playerunknowns-battlegrounds,1
34,cod-black-ops-iii,1
34,quake-champions,4
34,rust,3
34,neverwinter,3
34,the-elder-scrolls-online-tamriel-unlimited,1
34,trove,1
34,tera,4
34,elite-dangerous,4
34,eve-online,4
34,marvel-heroes-omega,1
34,mortal-kombat-x,4
34,injustice-2,4
34,mortal-kombat-11,4
34,soulcalibur-vi,4
34,zeno-clash-2,4
34,gwent-the-witcher-card-game,1
34,hero-academy,1
34,slay-the-spire,4
34,the-elder-scrolls-legends,1
35,grand-theft-auto-v,5
35,the-witcher-3-wild-hunt,5
35,tomb-raider,4
35,the-elder-scrolls-v-skyrim,5
35,portal,5
35,bioshock-infinite,5
35,bioshock,4
35,red-dead-redemption-2,5
35,team-fortress-2,4
35,fallout-4,4
35,payday-2,5
35,grand-theft-auto-iv,5
35,terraria,4
35,garrys-mod,4
35,journey,3
35,firewatch,5
35,the-stanley-parable,5
35,god-of-war-2,5
35,horizon-zero-dawn,5
35,uncharted-4-a-thiefs-end,5
35,marvels-spider-man,5
35,la-noire,5
35,cyberpunk-2077,5
35,fallout-new-vegas,5
35,the-witcher-enhanced-edition-directors-cut,4
35,prey,5
35,the-elder-scrolls-v-skyrim-special-edition,5
35,cities-skylines,5
35,civilization-vi,5
35,portal-2,5
35,warframe,3
35,hitman,3
35,bioshock-remastered,4
35,wolfenstein-the-new-order,5
35,metal-gear-solid-v-ground-zeroes,4
35,just-cause-3,3
35,goat-simulator,3
35,dirt-rally,4
35,minecraft,5
35,abzu-2,4
35,the-talos-principle,4
35,dirt-showdown,4
35,super-mario-odyssey,5
35,batman-aa-goty,4
35,ori-and-the-blind-forest-definitive-edition,5
35,forza-horizon-4,5
35,need-for-speed-hot-pursuit-2,4
35,sonic-all-stars-racing-transformed,4
35,trackmania-turbo,4
35,dirt-3,4
35,fifa-14,3
35,the-elder-scrolls-online-tamriel-unlimited,4
35,lego-star-wars-tcs,5
35,lego-harry-potter,4
35,gwent-the-witcher-card-game,4
35,magic-duels,3
37,grand-theft-auto-v,5
37,the-witcher-3-wild-hunt,5
37,tomb-raider,4
37,the-elder-scrolls-v-skyrim,4
37,portal,4
37,bioshock-infinite,4
37,half-life-2,5
37,bioshock,4
37,limbo,4
37,red-dead-redemption-2,5
37,doom,4
37,fallout-4,4
37,terraria,4
37,hotline-miami,4
37,amnesia-the-dark-descent,4
37,outlast,4
37,hollow-knight,4
37,bastion,4
37,hellblade-senuas-sacrifice,3
37,journey,4
37,brothers-a-tale-of-two-sons-2,4
37,transistor,4
37,layers-of-fear,4
37,firewatch,3
37,the-stanley-parable,5
37,life-is-strange-episode-1-2,4
37,god-of-war-2,4
37,the-walking-dead,5
37,horizon-zero-dawn,3
37,uncharted-4-a-thiefs-end,5
37,alan-wake,4
37,saints-row-the-third,4
37,marvels-spider-man,4
37,cyberpunk-2077,4
37,dishonored,5
37,grand-theft-auto-vice-city,4
37,fallout-new-vegas,4
37,detroit-become-human,4
37,heavy-rain,5
37,the-witcher-2-assassins-of-kings-enhanced-edition,4
37,shadow-of-mordor,4
37,the-witcher-enhanced-edition-directors-cut,4
37,deus-ex-mankind-divided,4
37,borderlands,4
37,dark-souls-iii,4
37,bloodborne,5
37,prey,4
37,dishonored-2,5
37,nierautomata,5
37,undertale,4
37,portal-2,5
37,metal-gear-solid-v-the-phantom-pain,4
37,metro-2033,4
37,hitman,4
37,half-life-2-episode-one,4
37,half-life-2-episode-two,4
37,spec-ops-the-line,4
37,far-cry-3,5
37,wolfenstein-the-new-order,4
37,metal-gear-solid-v-ground-zeroes,4
37,battleblock-theater,4
37,never-alone,3
37,papers-please,5
37,abzu-2,3
37,inside,5
37,valiant-hearts-the-great-war,4
37,human-fall-flat,4
37,machinarium,4
37,hotline-miami-2-wrong-number,4
37,mortal-kombat-komplete-edition,5
37,littlebigplanet-3,4
37,rayman-origins,4
37,super-mario-odyssey,5
37,my-friend-pedro,4
37,psychonauts,4
37,rayman-legends,4
37,ori-and-the-blind-forest,3
37,dead-cells,4
37,little-nightmares,4
37,remember-me,4
37,celeste,4
37,forza-horizon-4,4
37,pyre,4
37,street-fighter-v,3
37,mortal-kombat-11,3
37,super-smash-bros-ultimate,4
37,thomas-was-alone,4
37,day-of-the-tentacle-remastered,4
37,flower,3
37,untitled-goose-game,3
37,botanicula,4
37,typerider,3
38,portal,4
38,rocket-league,4
38,terraria,5
38,garrys-mod,4
38,sega-mega-drive-and-genesis-classics,4
38,portal-2,4
38,sonic-mania,5
38,starbound,3
38,minecraft,5
38,fallout-shelter,3
38,super-mario-odyssey,5
38,ori-and-the-blind-forest-definitive-edition,5
38,spelunky,4
38,celeste,5
38,super-smash-bros-ultimate,4
39,grand-theft-auto-v,4
39,tomb-raider,4
39,the-elder-scrolls-v-skyrim,5
39,portal,5
39,half-life-2,5
39,bioshock,5
39,team-fortress-2,1
39,grand-theft-auto-iv,4
39,destiny-2,5
39,terraria,3
39,the-walking-dead,4
39,saints-row-the-third,3
39,fallout-new-vegas,5
39,borderlands,4
39,mass-effect,3
39,fallout-a-post-nuclear-role-playing-game,5
39,dead-island,4
39,civilization-v,5
39,civilization-vi,5
39,portal-2,5
39,half-life-2-episode-one,4
39,half-life-2-episode-two,4
39,far-cry-3,5
39,half-life,4
39,fall-guys,4
39,goat-simulator,1
39,among-us,4
39,vrchat,4
39,war-thunder,5
39,minecraft,5
39,oddworld-abes-oddysee,4
39,dirt-3,3
39,for-honor,3
39,the-elder-scrolls-online-tamriel-unlimited,3
39,planetside-2,3
39,ark-survival-of-the-fittest,5
39,ark-survival-evolved,5
39,lego-star-wars-tcs,3
40,portal,5
40,bioshock-infinite,5
40,hotline-miami,5
40,super-meat-boy,5
40,the-stanley-parable,4
40,marvels-spider-man,5
40,borderlands-the-pre-sequel,4
40,hitman,5
40,fall-guys,4
40,battleblock-theater,4
40,monaco-whats-yours-is-mine,4
40,sonic-mania,5
40,papers-please,5
40,abzu-2,5
40,super-mario-odyssey,5
40,super-hexagon,5
40,cuphead,5
40,cod-black-ops-iii,4
40,octodad-dadliest-catch,4
41,grand-theft-auto-v,5
41,tomb-raider,4
41,portal,5
41,red-dead-redemption-2,5
41,destiny-2,4
41,rocket-league,3
41,hotline-miami,4
41,journey,4
41,brothers-a-tale-of-two-sons-2,4
41,transistor,5
41,firewatch,1
41,the-stanley-parable,4
41,life-is-strange-episode-1-2,3
41,uncharted-4-a-thiefs-end,4
41,marvels-spider-man,5
41,grand-theft-auto-vice-city,5
41,undertale,4
41,portal-2,4
41,hitman,5
41,just-cause-3,1
41,abzu-2,3
41,inside,4
41,the-witness,5
41,her-story,4
41,hotline-miami-2-wrong-number,5
41,strider,3
41,littlebigplanet-3,3
41,super-mario-odyssey,5
41,unravel,3
41,guacamelee-super-turbo-championship-edition,4
41,ori-and-the-blind-forest,5
41,rogue-legacy,4
41,forza-horizon-4,5
41,pyre,5
41,out-there-somewhere,3
41,sea-of-thieves,4
41,thomas-was-alone,3
42,grand-theft-auto-v,1
42,the-elder-scrolls-v-skyrim,4
42,left-4-dead-2,5
42,borderlands-2,5
42,bioshock-infinite,3
42,bioshock,5
42,limbo,3
42,fallout-4,3
42,hollow-knight,5
42,journey,4
42,brothers-a-tale-of-two-sons-2,3
42,saints-row-the-third,3
42,dishonored,5
42,fallout-new-vegas,5
42,apex-legends,4
42,borderlands,4
42,dark-souls-iii,5
42,mass-effect,3
42,bloodborne,5
42,borderlands-the-pre-sequel,4
42,dishonored-2,4
42,the-elder-scrolls-v-skyrim-special-edition,4
42,portal-2,5
42,bioshock-2,5
42,wolfenstein-the-new-order,3
42,dead-space,5
42,metal-gear-solid-v-ground-zeroes,4
42,fall-guys,3
42,brawlhalla,1
42,battleblock-theater,3
42,minecraft,4
42,the-long-dark,5
42,valiant-hearts-the-great-war,5
42,unravel,1
42,guacamelee-super-turbo-championship-edition,4
42,ori-and-the-blind-forest-definitive-edition,1
42,dead-cells,3
42,dust-an-elysian-tail,3
42,rogue-legacy,4
42,speedrunners,4
42,trials-fusion,3
42,trackmania-turbo,1
42,fifa-15,3
42,fifa-14,3
42,lethal-league,4
42,ea-sports-fifa-16,3
42,neverwinter,3
42,mortal-kombat-x,5
42,street-fighter-v,4
42,injustice-2,4
42,mortal-kombat-11,5
42,skullgirls,5
42,super-smash-bros-ultimate,3
42,dragon-ball-fighterz,5
42,untitled-goose-game,3
42,the-jackbox-party-pack,4
43,grand-theft-auto-v,4
43,the-witcher-3-wild-hunt,5
43,tomb-raider,1
43,the-elder-scrolls-v-skyrim,3
43,left-4-dead-2,5
43,portal,4
43,bioshock-infinite,3
43,half-life-2,4
43,red-dead-redemption-2,5
43,team-fortress-2,3
43,fallout-4,3
43,grand-theft-auto-iv,5
43,destiny-2,1
43,rocket-league,4
43,outlast,1
43,super-meat-boy,3
43,life-is-strange-episode-1-2,4
43,god-of-war-2,3
43,the-walking-dead,4
43,horizon-zero-dawn,1
43,uncharted-4-a-thiefs-end,3
43,saints-row-the-third,3
43,marvels-spider-man,3
43,la-noire,3
43,the-last-of-us-remastered,4
43,detroit-become-human,4
43,mad-max,4
43,the-witcher-2-assassins-of-kings-enhanced-edition,4
43,shadow-of-mordor,3
43,bloodborne,4
43,the-elder-scrolls-v-skyrim-special-edition,3
43,nierautomata,4
43,monster-hunter-world-2,5
43,dead-island,1
43,metal-gear-solid-v-the-phantom-pain,4
43,warframe,4
43,half-life-2-episode-one,3
43,half-life-2-episode-two,3
43,dead-space,4
43,hitman-absolution,3
43,metal-gear-solid-v-ground-zeroes,5
43,just-cause-3,3
43,just-cause-2,4
43,left-4-dead,4
43,fall-guys,1
43,brawlhalla,3
43,scribblenauts-unlimited,3
43,no-mans-sky,4
43,the-long-dark,3
43,lara-croft-and-the-temple-of-osiris,1
43,injustice-gods-among-us-ultimate-edition,3
43,burnout-paradise-the-ultimate-box,4
43,mortal-kombat-komplete-edition,4
43,sonic-generations,5
43,furi,5
43,strider,4
43,my-friend-pedro,4
43,rayman-legends,4
43,mark-of-the-ninja,1
43,forza-horizon-4,4
43,sonic-all-stars-racing-transformed,5
43,steep,4
43,tekken-7,4
43,lethal-league,4
43,for-honor,3
43,playerunknowns-battlegrounds,1
43,mortal-kombat-x,4
43,yakuza-kiwami,3
43,street-fighter-v,3
43,injustice-2,3
43,mortal-kombat-11,3
43,dragon-ball-fighterz,4
43,streets-of-rage-4,4
43,soulcalibur-vi,4
43,playstation-all-stars-battle-royale,3
44,grand-theft-auto-v,5
44,tomb-raider,4
44,bioshock-infinite,5
44,counter-strike-global-offensive,3
44,half-life-2,4
44,bioshock,5
44,limbo,4
44,grand-theft-auto-iv,3
44,hotline-miami,4
44,journey,5
44,brothers-a-tale-of-two-sons-2,3
44,the-stanley-parable,5
44,dishonored,4
44,portal-2,5
44,metro-2033,3
44,bioshock-2,4
44,spec-ops-the-line,4
44,far-cry-3,3
44,dead-space,5
44,inside,5
44,valiant-hearts-the-great-war,5
44,burnout-paradise-the-ultimate-box,4
44,need-for-speed-most-wanted-a-criterion-game,4
45,grand-theft-auto-v,4
45,the-witcher-3-wild-hunt,1
45,tomb-raider,1
45,the-elder-scrolls-v-skyrim,4
45,left-4-dead-2,3
45,borderlands-2,4
45,portal,3
45,bioshock-infinite,3
45,counter-strike-global-offensive,1
45,half-life-2,4
45,bioshock,4
45,limbo,1
45,red-dead-redemption-2,1
45,team-fortress-2,1
45,doom,1
45,fallout-4,4
45,payday-2,1
45,grand-theft-auto-iv,4
45,destiny-2,1
45,rocket-league,1
45,terraria,1
45,hotline-miami,4
45,amnesia-the-dark-descent,1
45,outlast,1
45,super-meat-boy,1
45,hollow-knight,1
45,bastion,3
45,path-of-exile,1
45,garrys-mod,1
45,hellblade-senuas-sacrifice,1
45,journey,1
45,stardew-valley,1
45,dont-starve-together,1
45,brothers-a-tale-of-two-sons-2,1
45,transistor,1
45,layers-of-fear,1
45,firewatch,1
45,trine-2-complete-story,4
45,the-stanley-parable,3
45,fez,1
45,life-is-strange-episode-1-2,1
45,god-of-war-2,1
45,the-walking-dead,1
45,horizon-zero-dawn,3
45,grand-theft-auto-san-andreas,3
45,uncharted-4-a-thiefs-end,4
45,alan-wake,1
45,saints-row-the-third,3
45,marvels-spider-man,3
45,la-noire,4
45,cyberpunk-2077,1
45,dishonored,1
45,grand-theft-auto-vice-city,4
45,fallout-new-vegas,3
45,detroit-become-human,1
45,mad-max,1
45,sega-mega-drive-and-genesis-classics,1
45,apex-legends,3
45,the-witcher-2-assassins-of-kings-enhanced-edition,1
45,shadow-of-mordor,1
45,the-witcher-enhanced-edition-directors-cut,1
45,deus-ex-mankind-divided,5
45,borderlands,4
45,dark-souls-iii,1
45,mass-effect-2,5
45,mass-effect,5
45,bloodborne,4
45,borderlands-the-pre-sequel,4
45,prey,1
45,bioshock-2-remastered,4
45,fallout-a-post-nuclear-role-playing-game,1
45,dishonored-2,1
45,the-elder-scrolls-v-skyrim-special-edition,4
45,nierautomata,1
45,monster-hunter-world-2,1
45,deus-ex-human-revolution-directors-cut,4
45,dead-island,1
45,undertale,1
45,civilization-v,1
45,xcom-enemy-unknown,1
45,brutal-legend,1
45,company-of-heroes-2,1
45,cities-skylines,4
45,xcom-2,1
45,ftl-faster-than-light,1
45,company-of-heroes,1
45,age-of-wonders-iii,3
45,tropico-4,4
45,darkest-dungeon,1
45,sanctum-2,4
45,dragon-age-inquisition,1
45,divinity-original-sin-2,1
45,portal-2,3
45,metal-gear-solid-v-the-phantom-pain,1
45,warframe,1
45,metro-2033,3
45,hitman,3
45,half-life-2-episode-one,4
45,bioshock-2,3
45,half-life-2-episode-two,4
45,spec-ops-the-line,1
45,bioshock-remastered,4
45,far-cry-3,4
45,wolfenstein-the-new-order,1
45,half-life,4
45,dead-space,4
45,hitman-absolution,4
45,metal-gear-solid-v-ground-zeroes,1
45,just-cause-3,1
45,counter-strike-source,1
45,just-cause-2,1
45,left-4-dead,1
45,fall-guys,1
45,brawlhalla,1
45,goat-simulator,1
45,a-story-about-my-uncle,3
45,lego-lord-of-the-rings,1
45,among-us,1
45,battleblock-theater,4
45,broken-age,1
45,monaco-whats-yours-is-mine,1
45,never-alone,3
45,vvvvvv,1
45,clicker-heroes,1
45,dota-underlords,1
45,tabletop-simulator,4
45,viscera-cleanup-detail-shadow-warrior,1
45,dirt-rally,3
45,no-mans-sky,1
45,papers-please,1
45,war-thunder,1
45,this-war-of-mine,1
45,minecraft,1
45,guns-of-icarus-online,1
45,fallout-shelter,3
45,hacknet,1
45,orwell,1
45,prison-architect-all-day-and-a-psych,1
45,euro-truck-simulator-2,4
45,hitman-2-silent-assassin,4
45,frostpunk,1
45,robocraft,1
45,inside,1
45,lara-croft-and-the-temple-of-osiris,4
45,grim-fandango-remastered,1
45,braid,1
45,the-swapper,1
45,valiant-hearts-the-great-war,1
45,the-talos-principle,3
45,deponia,1
45,human-fall-flat,1
45,world-of-goo,1
45,machinarium,1
45,syberia,1
45,steamworld-dig,1
45,spacechem,1
45,syberia-2,1
45,her-story,1
45,injustice-gods-among-us-ultimate-edition,1
45,hotline-miami-2-wrong-number,3
45,trine-enchanted-edition,4
45,dirt-showdown,4
45,burnout-paradise-the-ultimate-box,4
45,mortal-kombat-komplete-edition,1
45,super-mario-odyssey,4
45,red-faction-guerilla-re-mars-tered,1
45,unravel,3
45,my-friend-pedro,4
45,psychonauts,1
45,batman-aa-goty,1
45,cuphead,1
45,guacamelee-super-turbo-championship-edition,1
45,ori-and-the-blind-forest,1
45,ori-and-the-blind-forest-definitive-edition,1
45,broforce,1
45,oddworld-abes-oddysee,1
45,mark-of-the-ninja,3
45,dead-cells,1
45,little-nightmares,1
45,jet-set-radio-2012,1
45,remember-me,1
45,dust-an-elysian-tail,1
45,rogue-legacy,1
45,spelunky,1
45,outland,1
45,deadlight,1
45,grid-2,1
45,grid,1
45,rage,4
45,forza-horizon-4,3
45,f1-2015,1
45,need-for-speed-hot-pursuit-2,4
45,speedrunners,1
45,trials-fusion,1
45,sonic-all-stars-racing-transformed,1
45,need-for-speed-rivals,1
45,need-for-speed-payback,1
45,trackmania-turbo,1
45,dirt-3,4
45,raceroom-racing-experience,1
45,dirt-rally-20,3
45,need-for-speed-most-wanted-a-criterion-game,4
45,steep,1
45,golf-with-your-friends,4
45,dota-2,1
45,for-honor,1
45,playerunknowns-battlegrounds,1
45,cod-black-ops-iii,1
45,quake-champions,3
45,rust,1
45,the-elder-scrolls-online-tamriel-unlimited,1
45,heroes-generals,1
45,ark-survival-of-the-fittest,1
45,sea-of-thieves,1
45,h1z1-king-of-the-kill,1
45,trove,1
45,tera,1
45,eve-online,1
45,marvel-heroes-omega,1
45,battlefield-v,1
45,mortal-kombat-x,1
45,viking,1
45,street-fighter-v,1
45,mortal-kombat-11,1
45,skullgirls,1
45,absolver,1
45,metal-slug-3,1
45,super-smash-bros-ultimate,1
45,pirates-3,4
45,streets-of-rage-4,3
45,soulcalibur-vi,1
45,zeno-clash-2,1
45,lego-the-hobbit,1
45,thomas-was-alone,1
45,lego-marvel,1
45,spore,1
45,teslagrad,1
45,untitled-goose-game,1
45,adventure-capitalist,1
45,armello,1
45,surgeon-simulator-cpr,1
45,sid-meiers-civilization-iv-colonization,1
45,slay-the-spire,1
